schemaVersion,recordType,source_name,source_url,entityName,employeeCount,collectedAt
1.0,STARTUP,Y Combinator,https://www.ycombinator.com/companies/doordash,Doordash,,2026-08-28T06:27:01.887983+00:00
1.0,STARTUP,Y Combinator,https://www.ycombinator.com/companies/airbnb,Airbnb,,2026-08-28T06:27:01.887983+00:00
1.0,STARTUP,Y Combinator,https://www.ycombinator.com/companies/coinbase,Coinbase,,2026-08-28T06:27:01.887983+00:00
1.0,STARTUP,Y Combinator,https://www.ycombinator.com/companies/groww,Groww,,2026-08-28T06:27:01.887983+00:00
1.0,STARTUP,Y Combinator,https://www.ycombinator.com/companies/instacart,Instacart,,2026-08-28T06:27:01.887983+00:00
1.0,STARTUP,Y Combinator,https://www.ycombinator.com/companies/meesho,Meesho,,2026-08-28T06:27:01.887983+00:00
1.0,STARTUP,Y Combinator,https://www.ycombinator.com/companies/oklo,Oklo,,2026-08-28T06:27:01.887983+00:00
1.0,STARTUP,Y Combinator,https://www.ycombinator.com/companies/gitlab,Gitlab,,2026-08-28T06:27:01.887983+00:00
1.0,STARTUP,Y Combinator,https://www.ycombinator.com/companies/rigetti-computing,Rigetti Computing,,2026-08-28T06:27:01.887983+00:00
1.0,STARTUP,Y Combinator,https://www.ycombinator.com/companies/dropbox,Dropbox,,2026-08-28T06:27:01.887983+00:00
1.0,STARTUP,Y Combinator,https://www.ycombinator.com/companies/billiontoone,Billiontoone,,2026-08-28T06:27:01.887983+00:00
1.0,STARTUP,Y Combinator,https://www.ycombinator.com/companies/equipmentshare,Equipmentshare,,2026-08-28T06:27:01.887983+00:00
1.0,STARTUP,Y Combinator,https://www.ycombinator.com/companies/matterport,Matterport,,2026-08-28T06:27:01.887983+00:00
1.0,STARTUP,Y Combinator,https://www.ycombinator.com/companies/amplitude,Amplitude,,2026-08-28T06:27:01.887983+00:00
1.0,STARTUP,Y Combinator,https://www.ycombinator.com/companies/pagerduty,Pagerduty,,2026-08-28T06:27:01.887983+00:00
1.0,STARTUP,Y Combinator,https://www.ycombinator.com/companies/weave,Weave,,2026-08-28T06:27:01.887983+00:00
1.0,STARTUP,Y Combinator,https://www.ycombinator.com/companies/ginkgo-bioworks,Ginkgo Bioworks,,2026-08-28T06:27:01.887983+00:00
1.0,STARTUP,Y Combinator,https://www.ycombinator.com/companies/pardes-bio,Pardes Bio,,2026-08-28T06:27:01.887983+00:00
1.0,STARTUP,Y Combinator,https://www.ycombinator.com/companies/momentus,Momentus,,2026-08-28T06:27:01.887983+00:00
1.0,STARTUP,Y Combinator,https://www.ycombinator.com/companies/embark-trucks,Embark Trucks,,2026-08-28T06:27:01.887983+00:00
1.0,STARTUP,Y Combinator,https://www.ycombinator.com/companies/lucira-health,Lucira Health,,2026-08-28T06:27:01.887983+00:00
1.0,STARTUP,Y Combinator,https://www.ycombinator.com/companies/segment,Segment,,2026-08-28T06:27:01.887983+00:00
1.0,STARTUP,Y Combinator,https://www.ycombinator.com/companies/algolia,Algolia,,2026-08-28T06:27:01.887983+00:00
1.0,STARTUP,Y Combinator,https://www.ycombinator.com/companies/truebill,Truebill,,2026-08-28T06:27:01.887983+00:00
1.0,STARTUP,Y Combinator,https://www.ycombinator.com/companies/twitch,Twitch,,2026-08-28T06:27:01.887983+00:00
1.0,STARTUP,Y Combinator,https://www.ycombinator.com/companies/plangrid,Plangrid,,2026-08-28T06:27:01.887983+00:00
1.0,STARTUP,Y Combinator,https://www.ycombinator.com/companies/bellabeat,Bellabeat,,2026-08-28T06:27:01.887983+00:00
1.0,STARTUP,Y Combinator,https://www.ycombinator.com/companies/cruise,Cruise,,2026-08-28T06:27:01.887983+00:00
1.0,STARTUP,Y Combinator,https://www.ycombinator.com/companies/benchling,Benchling,,2026-08-28T06:27:01.887983+00:00
1.0,STARTUP,Y Combinator,https://www.ycombinator.com/companies/casetext,Casetext,,2026-08-28T06:27:01.887983+00:00
1.0,STARTUP,Y Combinator,https://www.ycombinator.com/companies/bird,Bird,,2026-08-28T06:27:01.887983+00:00
1.0,STARTUP,Y Combinator,https://www.ycombinator.com/companies/brex,Brex,,2026-08-28T06:27:01.887983+00:00
1.0,STARTUP,Y Combinator,https://www.ycombinator.com/companies/the-athletic,The Athletic,,2026-08-28T06:27:01.887983+00:00
1.0,STARTUP,Y Combinator,https://www.ycombinator.com/companies/codecademy,Codecademy,,2026-08-28T06:27:01.887983+00:00
1.0,STARTUP,Y Combinator,https://www.ycombinator.com/companies/checkr,Checkr,,2026-08-28T06:27:01.887983+00:00
1.0,STARTUP,Y Combinator,https://www.ycombinator.com/companies/lever,Lever,,2026-08-28T06:27:01.887983+00:00
1.0,STARTUP,Y Combinator,https://www.ycombinator.com/companies/clipboard,Clipboard,,2026-08-28T06:27:01.887983+00:00
1.0,STARTUP,Y Combinator,https://www.ycombinator.com/companies/heap,Heap,,2026-08-28T06:27:01.887983+00:00
1.0,STARTUP,Y Combinator,https://www.ycombinator.com/companies/sendwave,Sendwave,,2026-08-28T06:27:01.887983+00:00
1.0,STARTUP,Y Combinator,https://www.ycombinator.com/companies/deel,Deel,,2026-08-28T06:27:01.887983+00:00
1.0,STARTUP,Y Combinator,https://www.ycombinator.com/companies/clever,Clever,,2026-08-28T06:27:01.887983+00:00
1.0,STARTUP,Y Combinator,https://www.ycombinator.com/companies/caper,Caper,,2026-08-28T06:27:01.887983+00:00
1.0,STARTUP,Y Combinator,https://www.ycombinator.com/companies/reddit,Reddit,,2026-08-28T06:27:01.887983+00:00
1.0,STARTUP,Y Combinator,https://www.ycombinator.com/companies/fivestars,Fivestars,,2026-08-28T06:27:01.887983+00:00
1.0,STARTUP,Y Combinator,https://www.ycombinator.com/companies/machine-zone,Machine Zone,,2026-08-28T06:27:01.887983+00:00
1.0,STARTUP,Y Combinator,https://www.ycombinator.com/companies/faire,Faire,,2026-08-28T06:27:01.887983+00:00
1.0,STARTUP,Y Combinator,https://www.ycombinator.com/companies/fivetran,Fivetran,,2026-08-28T06:27:01.887983+00:00
1.0,STARTUP,Y Combinator,https://www.ycombinator.com/companies/optimizely,Optimizely,,2026-08-28T06:27:01.887983+00:00
1.0,STARTUP,Y Combinator,https://www.ycombinator.com/companies/flexport,Flexport,,2026-08-28T06:27:01.887983+00:00
1.0,STARTUP,Y Combinator,https://www.ycombinator.com/companies/wepay,Wepay,,2026-08-28T06:27:01.887983+00:00
1.0,STARTUP,Y Combinator,https://www.ycombinator.com/companies/weebly,Weebly,,2026-08-28T06:27:01.887983+00:00
1.0,STARTUP,Y Combinator,https://www.ycombinator.com/companies/flock-safety,Flock Safety,,2026-08-28T06:27:01.887983+00:00
1.0,STARTUP,Y Combinator,https://www.ycombinator.com/companies/sqreen,Sqreen,,2026-08-28T06:27:01.887983+00:00
1.0,STARTUP,Y Combinator,https://www.ycombinator.com/companies/nurx,Nurx,,2026-08-28T06:27:01.887983+00:00
1.0,STARTUP,Y Combinator,https://www.ycombinator.com/companies/go1,Go1,,2026-08-28T06:27:01.887983+00:00
1.0,STARTUP,Y Combinator,https://www.ycombinator.com/companies/coreos,Coreos,,2026-08-28T06:27:01.887983+00:00
1.0,STARTUP,Y Combinator,https://www.ycombinator.com/companies/bear-flag-robotics,Bear Flag Robotics,,2026-08-28T06:27:01.887983+00:00
1.0,STARTUP,Y Combinator,https://www.ycombinator.com/companies/goat-group,Goat Group,,2026-08-28T06:27:01.887983+00:00
1.0,STARTUP,Y Combinator,https://www.ycombinator.com/companies/heroku,Heroku,,2026-08-28T06:27:01.887983+00:00
1.0,STARTUP,Y Combinator,https://www.ycombinator.com/companies/grubmarket,Grubmarket,,2026-08-28T06:27:01.887983+00:00
1.0,STARTUP,Y Combinator,https://www.ycombinator.com/companies/hellosign,Hellosign,,2026-08-28T06:27:01.887983+00:00
1.0,STARTUP,Y Combinator,https://www.ycombinator.com/companies/zenefits,Zenefits,,2026-08-28T06:27:01.887983+00:00
1.0,STARTUP,Y Combinator,https://www.ycombinator.com/companies/gusto,Gusto,,2026-08-28T06:27:01.887983+00:00
1.0,STARTUP,Y Combinator,https://www.ycombinator.com/companies/honeylove,Honeylove,,2026-08-28T06:27:01.887983+00:00
1.0,STARTUP,Y Combinator,https://www.ycombinator.com/companies/modern-fertility,Modern Fertility,,2026-08-28T06:27:01.887983+00:00
1.0,STARTUP,Y Combinator,https://www.ycombinator.com/companies/cognito,Cognito,,2026-08-28T06:27:01.887983+00:00
1.0,STARTUP,Y Combinator,https://www.ycombinator.com/companies/openinvest,Openinvest,,2026-08-28T06:27:01.887983+00:00
1.0,STARTUP,Y Combinator,https://www.ycombinator.com/companies/mixpanel,Mixpanel,,2026-08-28T06:27:01.887983+00:00
1.0,STARTUP,Y Combinator,https://www.ycombinator.com/companies/paystack,Paystack,,2026-08-28T06:27:01.887983+00:00
1.0,STARTUP,Y Combinator,https://www.ycombinator.com/companies/moxion-power-co,Moxion Power Co,,2026-08-28T06:27:01.887983+00:00
1.0,STARTUP,Y Combinator,https://www.ycombinator.com/companies/drchrono,Drchrono,,2026-08-28T06:27:01.887983+00:00
1.0,STARTUP,Y Combinator,https://www.ycombinator.com/companies/omgpop,Omgpop,,2026-08-28T06:27:01.887983+00:00
1.0,STARTUP,Y Combinator,https://www.ycombinator.com/companies/newfront-insurance,Newfront Insurance,,2026-08-28T06:27:01.887983+00:00
1.0,STARTUP,Y Combinator,https://www.ycombinator.com/companies/north,North,,2026-08-28T06:27:01.887983+00:00
1.0,STARTUP,Y Combinator,https://www.ycombinator.com/companies/nowports,Nowports,,2026-08-28T06:27:01.887983+00:00
1.0,STARTUP,Y Combinator,https://www.ycombinator.com/companies/odeko,Odeko,,2026-08-28T06:27:01.887983+00:00
1.0,STARTUP,Y Combinator,https://www.ycombinator.com/companies/gitprime,Gitprime,,2026-08-28T06:27:01.887983+00:00
1.0,STARTUP,Y Combinator,https://www.ycombinator.com/companies/proxy,Proxy,,2026-08-28T06:27:01.887983+00:00
1.0,STARTUP,Y Combinator,https://www.ycombinator.com/companies/futureadvisor,Futureadvisor,,2026-08-28T06:27:01.887983+00:00
1.0,STARTUP,Y Combinator,https://www.ycombinator.com/companies/podium,Podium,,2026-08-28T06:27:01.887983+00:00
1.0,STARTUP,Y Combinator,https://www.ycombinator.com/companies/rappi,Rappi,,2026-08-28T06:27:01.887983+00:00
1.0,STARTUP,Y Combinator,https://www.ycombinator.com/companies/razorpay,Razorpay,,2026-08-28T06:27:01.887983+00:00
1.0,STARTUP,Y Combinator,https://www.ycombinator.com/companies/rippling,Rippling,,2026-08-28T06:27:01.887983+00:00
1.0,STARTUP,Y Combinator,https://www.ycombinator.com/companies/scale-ai,Scale Ai,,2026-08-28T06:27:01.887983+00:00
1.0,STARTUP,Y Combinator,https://www.ycombinator.com/companies/scentbird,Scentbird,,2026-08-28T06:27:01.887983+00:00
1.0,STARTUP,Y Combinator,https://www.ycombinator.com/companies/scribd,Scribd,,2026-08-28T06:27:01.887983+00:00
1.0,STARTUP,Y Combinator,https://www.ycombinator.com/companies/shipbob,Shipbob,,2026-08-28T06:27:01.887983+00:00
1.0,STARTUP,Y Combinator,https://www.ycombinator.com/companies/smartasset,Smartasset,,2026-08-28T06:27:01.887983+00:00
1.0,STARTUP,Y Combinator,https://www.ycombinator.com/companies/stripe,Stripe,,2026-08-28T06:27:01.887983+00:00
1.0,STARTUP,Y Combinator,https://www.ycombinator.com/companies/wave,Wave,,2026-08-28T06:27:01.887983+00:00
1.0,STARTUP,Y Combinator,https://www.ycombinator.com/companies/webflow,Webflow,,2026-08-28T06:27:01.887983+00:00
1.0,STARTUP,Y Combinator,https://www.ycombinator.com/companies/whatnot,Whatnot,,2026-08-28T06:27:01.887983+00:00
1.0,STARTUP,Y Combinator,https://www.ycombinator.com/companies/zapier,Zapier,,2026-08-28T06:27:01.887983+00:00
1.0,STARTUP,Y Combinator,https://www.ycombinator.com/companies/zepto,Zepto,,2026-08-28T06:27:01.887983+00:00
1.0,STARTUP,Y Combinator,https://www.ycombinator.com/companies/focal-systems,Focal Systems,,2026-08-28T06:27:01.887983+00:00
1.0,STARTUP,Y Combinator,https://www.ycombinator.com/companies/mio,Mio,,2026-08-28T06:27:01.887983+00:00
1.0,STARTUP,Y Combinator,https://www.ycombinator.com/companies/daily,Daily,,2026-08-28T06:27:01.887983+00:00
1.0,STARTUP,Y Combinator,https://www.ycombinator.com/companies/petcube,Petcube,,2026-08-28T06:27:01.887983+00:00
1.0,STARTUP,Y Combinator,https://www.ycombinator.com/companies/outschool,Outschool,,2026-08-28T06:27:01.887983+00:00
1.0,STARTUP,Y Combinator,https://www.ycombinator.com/companies/mason,Mason,,2026-08-28T06:27:01.887983+00:00
1.0,STARTUP,Y Combinator,https://www.ycombinator.com/companies/magicbus,Magicbus,,2026-08-28T06:27:01.887983+00:00
1.0,STARTUP,Y Combinator,https://www.ycombinator.com/companies/tovala,Tovala,,2026-08-28T06:27:01.887983+00:00
1.0,STARTUP,Y Combinator,https://www.ycombinator.com/companies/isono-health,Isono Health,,2026-08-28T06:27:01.887983+00:00
1.0,STARTUP,Y Combinator,https://www.ycombinator.com/companies/getaccept,Getaccept,,2026-08-28T06:27:01.887983+00:00
1.0,STARTUP,Y Combinator,https://www.ycombinator.com/companies/chatfuel,Chatfuel,,2026-08-28T06:27:01.887983+00:00
1.0,STARTUP,Y Combinator,https://www.ycombinator.com/companies/yardbook,Yardbook,,2026-08-28T06:27:01.887983+00:00
1.0,STARTUP,Y Combinator,https://www.ycombinator.com/companies/gocardless,Gocardless,,2026-08-28T06:27:01.887983+00:00
1.0,STARTUP,Y Combinator,https://www.ycombinator.com/companies/stealth-worker,Stealth Worker,,2026-08-28T06:27:01.887983+00:00
1.0,STARTUP,Y Combinator,https://www.ycombinator.com/companies/deepgram,Deepgram,,2026-08-28T06:27:01.887983+00:00
1.0,STARTUP,Y Combinator,https://www.ycombinator.com/companies/soundboks,Soundboks,,2026-08-28T06:27:01.887983+00:00
1.0,STARTUP,Y Combinator,https://www.ycombinator.com/companies/lattice,Lattice,,2026-08-28T06:27:01.887983+00:00
1.0,STARTUP,Y Combinator,https://www.ycombinator.com/companies/mux,Mux,,2026-08-28T06:27:01.887983+00:00
1.0,STARTUP,Y Combinator,https://www.ycombinator.com/companies/human-interest,Human Interest,,2026-08-28T06:27:01.887983+00:00
1.0,STARTUP,Y Combinator,https://www.ycombinator.com/companies/flirtey,Flirtey,,2026-08-28T06:27:01.887983+00:00
1.0,STARTUP,Y Combinator,https://www.ycombinator.com/companies/eight-sleep,Eight Sleep,,2026-08-28T06:27:01.887983+00:00
1.0,STARTUP,Y Combinator,https://www.ycombinator.com/companies/instawork,Instawork,,2026-08-28T06:27:01.887983+00:00
1.0,STARTUP,Y Combinator,https://www.ycombinator.com/companies/cofactor-genomics,Cofactor Genomics,,2026-08-28T06:27:01.887983+00:00
1.0,STARTUP,Y Combinator,https://www.ycombinator.com/companies/bitmovin,Bitmovin,,2026-08-28T06:27:01.887983+00:00
1.0,STARTUP,Y Combinator,https://www.ycombinator.com/companies/tetrascience,Tetrascience,,2026-08-28T06:27:01.887983+00:00
1.0,STARTUP,Y Combinator,https://www.ycombinator.com/companies/the-ticket-fairy,The Ticket Fairy,,2026-08-28T06:27:01.887983+00:00
1.0,STARTUP,Y Combinator,https://www.ycombinator.com/companies/font-awesome,Font Awesome,,2026-08-28T06:27:01.887983+00:00
1.0,STARTUP,Y Combinator,https://www.ycombinator.com/companies/80-000-hours,80 000 Hours,,2026-08-28T06:27:01.887983+00:00
1.0,STARTUP,Y Combinator,https://www.ycombinator.com/companies/xendit,Xendit,,2026-08-28T06:27:01.887983+00:00
1.0,STARTUP,Y Combinator,https://www.ycombinator.com/companies/shred-video,Shred Video,,2026-08-28T06:27:01.887983+00:00
1.0,STARTUP,Y Combinator,https://www.ycombinator.com/companies/shape-shapescale,Shape Shapescale,,2026-08-28T06:27:01.887983+00:00
1.0,STARTUP,Y Combinator,https://www.ycombinator.com/companies/redcarpetup,Redcarpetup,,2026-08-28T06:27:01.887983+00:00
1.0,STARTUP,Y Combinator,https://www.ycombinator.com/companies/plate-iq,Plate Iq,,2026-08-28T06:27:01.887983+00:00
1.0,STARTUP,Y Combinator,https://www.ycombinator.com/companies/picktrace,Picktrace,,2026-08-28T06:27:01.887983+00:00
1.0,STARTUP,Y Combinator,https://www.ycombinator.com/companies/fountain,Fountain,,2026-08-28T06:27:01.887983+00:00
1.0,STARTUP,Y Combinator,https://www.ycombinator.com/companies/microhealth,Microhealth,,2026-08-28T06:27:01.887983+00:00
1.0,STARTUP,Y Combinator,https://www.ycombinator.com/companies/zeplin,Zeplin,,2026-08-28T06:27:01.887983+00:00
1.0,STARTUP,Y Combinator,https://www.ycombinator.com/companies/markhor,Markhor,,2026-08-28T06:27:01.887983+00:00
1.0,STARTUP,Y Combinator,https://www.ycombinator.com/companies/circle-medical,Circle Medical,,2026-08-28T06:27:01.887983+00:00
1.0,STARTUP,Y Combinator,https://www.ycombinator.com/companies/givecampus,Givecampus,,2026-08-28T06:27:01.887983+00:00
1.0,STARTUP,Y Combinator,https://www.ycombinator.com/companies/drip-capital,Drip Capital,,2026-08-28T06:27:01.887983+00:00
1.0,STARTUP,Y Combinator,https://www.ycombinator.com/companies/chaldal,Chaldal,,2026-08-28T06:27:01.887983+00:00
1.0,STARTUP,Y Combinator,https://www.ycombinator.com/companies/clerky,Clerky,,2026-08-28T06:27:01.887983+00:00
1.0,STARTUP,Y Combinator,https://www.ycombinator.com/companies/bodyport,Bodyport,,2026-08-28T06:27:01.887983+00:00
1.0,STARTUP,Y Combinator,https://www.ycombinator.com/companies/verge-genomics,Verge Genomics,,2026-08-28T06:27:01.887983+00:00
1.0,STARTUP,Y Combinator,https://www.ycombinator.com/companies/thrive-agritech,Thrive Agritech,,2026-08-28T06:27:01.887983+00:00
1.0,STARTUP,Y Combinator,https://www.ycombinator.com/companies/tesorio,Tesorio,,2026-08-28T06:27:01.887983+00:00
1.0,STARTUP,Y Combinator,https://www.ycombinator.com/companies/agilemd,Agilemd,,2026-08-28T06:27:01.887983+00:00
1.0,STARTUP,Y Combinator,https://www.ycombinator.com/companies/reach,Reach,,2026-08-28T06:27:01.887983+00:00
1.0,STARTUP,Y Combinator,https://www.ycombinator.com/companies/sunfarmer,Sunfarmer,,2026-08-28T06:27:01.887983+00:00
1.0,STARTUP,Y Combinator,https://www.ycombinator.com/companies/confident-lims,Confident Lims,,2026-08-28T06:27:01.887983+00:00
1.0,STARTUP,Y Combinator,https://www.ycombinator.com/companies/branch8,Branch8,,2026-08-28T06:27:01.887983+00:00
1.0,STARTUP,Y Combinator,https://www.ycombinator.com/companies/heroic-labs,Heroic Labs,,2026-08-28T06:27:01.887983+00:00
1.0,STARTUP,Y Combinator,https://www.ycombinator.com/companies/snapmagic,Snapmagic,,2026-08-28T06:27:01.887983+00:00
1.0,STARTUP,Y Combinator,https://www.ycombinator.com/companies/assembly,Assembly,,2026-08-28T06:27:01.887983+00:00
1.0,STARTUP,Y Combinator,https://www.ycombinator.com/companies/gemnote,Gemnote,,2026-08-28T06:27:01.887983+00:00
1.0,STARTUP,Y Combinator,https://www.ycombinator.com/companies/new-story,New Story,,2026-08-28T06:27:01.887983+00:00
1.0,STARTUP,Y Combinator,https://www.ycombinator.com/companies/ironclad,Ironclad,,2026-08-28T06:27:01.887983+00:00
1.0,STARTUP,Y Combinator,https://www.ycombinator.com/companies/leaders-in-tech,Leaders In Tech,,2026-08-28T06:27:01.887983+00:00
1.0,STARTUP,Y Combinator,https://www.ycombinator.com/companies/teabot,Teabot,,2026-08-28T06:27:01.887983+00:00
1.0,STARTUP,Y Combinator,https://www.ycombinator.com/companies/teleport,Teleport,,2026-08-28T06:27:01.887983+00:00
1.0,STARTUP,Y Combinator,https://www.ycombinator.com/companies/lugg,Lugg,,2026-08-28T06:27:01.887983+00:00
1.0,STARTUP,Y Combinator,https://www.ycombinator.com/companies/shasqi,Shasqi,,2026-08-28T06:27:01.887983+00:00
1.0,STARTUP,Y Combinator,https://www.ycombinator.com/companies/mashgin,Mashgin,,2026-08-28T06:27:01.887983+00:00
1.0,STARTUP,Y Combinator,https://www.ycombinator.com/companies/nimblerx,Nimblerx,,2026-08-28T06:27:01.887983+00:00
1.0,STARTUP,Y Combinator,https://www.ycombinator.com/companies/quartzy,Quartzy,,2026-08-28T06:27:01.887983+00:00
1.0,STARTUP,Y Combinator,https://www.ycombinator.com/companies/replika,Replika,,2026-08-28T06:27:01.887983+00:00
1.0,STARTUP,Y Combinator,https://www.ycombinator.com/companies/tara-ai,Tara Ai,,2026-08-28T06:27:01.887983+00:00
1.0,STARTUP,Y Combinator,https://www.ycombinator.com/companies/flip,Flip,,2026-08-28T06:27:01.887983+00:00
1.0,STARTUP,Y Combinator,https://www.ycombinator.com/companies/x-zell,X Zell,,2026-08-28T06:27:01.887983+00:00
1.0,STARTUP,Y Combinator,https://www.ycombinator.com/companies/zenflow,Zenflow,,2026-08-28T06:27:01.887983+00:00
1.0,STARTUP,Y Combinator,https://www.ycombinator.com/companies/tab,Tab,,2026-08-28T06:27:01.887983+00:00
1.0,STARTUP,Y Combinator,https://www.ycombinator.com/companies/streak,Streak,,2026-08-28T06:27:01.887983+00:00
1.0,STARTUP,Y Combinator,https://www.ycombinator.com/companies/meadow,Meadow,,2026-08-28T06:27:01.887983+00:00
1.0,STARTUP,Y Combinator,https://www.ycombinator.com/companies/level-frames,Level Frames,,2026-08-28T06:27:01.887983+00:00
1.0,STARTUP,Y Combinator,https://www.ycombinator.com/companies/industrial-microbes,Industrial Microbes,,2026-08-28T06:27:01.887983+00:00
1.0,STARTUP,Y Combinator,https://www.ycombinator.com/companies/giveffect,Giveffect,,2026-08-28T06:27:01.887983+00:00
1.0,STARTUP,Y Combinator,https://www.ycombinator.com/companies/ebrandvalue,Ebrandvalue,,2026-08-28T06:27:01.887983+00:00
1.0,STARTUP,Y Combinator,https://www.ycombinator.com/companies/quantierra,Quantierra,,2026-08-28T06:27:01.887983+00:00
1.0,STARTUP,Y Combinator,https://www.ycombinator.com/companies/cleanly,Cleanly,,2026-08-28T06:27:01.887983+00:00
1.0,STARTUP,Y Combinator,https://www.ycombinator.com/companies/resolve,Resolve,,2026-08-28T06:27:01.887983+00:00
1.0,STARTUP,Y Combinator,https://www.ycombinator.com/companies/makrwatch,Makrwatch,,2026-08-28T06:27:01.887983+00:00
1.0,STARTUP,Y Combinator,https://www.ycombinator.com/companies/teamnote,Teamnote,,2026-08-28T06:27:01.887983+00:00
1.0,STARTUP,Y Combinator,https://www.ycombinator.com/companies/tempo,Tempo,,2026-08-28T06:27:01.887983+00:00
1.0,STARTUP,Y Combinator,https://www.ycombinator.com/companies/sirum,Sirum,,2026-08-28T06:27:01.887983+00:00
1.0,STARTUP,Y Combinator,https://www.ycombinator.com/companies/sails-co,Sails Co,,2026-08-28T06:27:01.887983+00:00
1.0,STARTUP,Y Combinator,https://www.ycombinator.com/companies/readme,Readme,,2026-08-28T06:27:01.887983+00:00
1.0,STARTUP,Y Combinator,https://www.ycombinator.com/companies/buildscience,Buildscience,,2026-08-28T06:27:01.887983+00:00
1.0,STARTUP,Y Combinator,https://www.ycombinator.com/companies/platzi,Platzi,,2026-08-28T06:27:01.887983+00:00
1.0,STARTUP,Y Combinator,https://www.ycombinator.com/companies/labdoor,Labdoor,,2026-08-28T06:27:01.887983+00:00
1.0,STARTUP,Y Combinator,https://www.ycombinator.com/companies/givemetap,Givemetap,,2026-08-28T06:27:01.887983+00:00
1.0,STARTUP,Y Combinator,https://www.ycombinator.com/companies/bankjoy,Bankjoy,,2026-08-28T06:27:01.887983+00:00
1.0,STARTUP,Y Combinator,https://www.ycombinator.com/companies/zeitview,Zeitview,,2026-08-28T06:27:01.887983+00:00
1.0,STARTUP,Y Combinator,https://www.ycombinator.com/companies/the-human-utility,The Human Utility,,2026-08-28T06:27:01.887983+00:00
1.0,STARTUP,Y Combinator,https://www.ycombinator.com/companies/democracy-earth,Democracy Earth,,2026-08-28T06:27:01.887983+00:00
1.0,STARTUP,Y Combinator,https://www.ycombinator.com/companies/onesignal,Onesignal,,2026-08-28T06:27:01.887983+00:00
1.0,STARTUP,Y Combinator,https://www.ycombinator.com/companies/numerion-labs,Numerion Labs,,2026-08-28T06:27:01.887983+00:00
1.0,STARTUP,Y Combinator,https://www.ycombinator.com/companies/bright,Bright,,2026-08-28T06:27:01.887983+00:00
1.0,STARTUP,Y Combinator,https://www.ycombinator.com/companies/magic,Magic,,2026-08-28T06:27:01.887983+00:00
1.0,STARTUP,Y Combinator,https://www.ycombinator.com/companies/mezmo,Mezmo,,2026-08-28T06:27:01.887983+00:00
1.0,STARTUP,Y Combinator,https://www.ycombinator.com/companies/akido-labs,Akido Labs,,2026-08-28T06:27:01.887983+00:00
1.0,STARTUP,Y Combinator,https://www.ycombinator.com/companies/qventus,Qventus,,2026-08-28T06:27:01.887983+00:00
1.0,STARTUP,Y Combinator,https://www.ycombinator.com/companies/bayes-impact,Bayes Impact,,2026-08-28T06:27:01.887983+00:00
1.0,STARTUP,Y Combinator,https://www.ycombinator.com/companies/helion-energy,Helion Energy,,2026-08-28T06:27:01.887983+00:00
1.0,STARTUP,Y Combinator,https://www.ycombinator.com/companies/hackerrank,Hackerrank,,2026-08-28T06:27:01.887983+00:00
1.0,STARTUP,Y Combinator,https://www.ycombinator.com/companies/front,Front,,2026-08-28T06:27:01.887983+00:00
1.0,STARTUP,Y Combinator,https://www.ycombinator.com/companies/apollo,Apollo,,2026-08-28T06:27:01.887983+00:00
1.0,STARTUP,Y Combinator,https://www.ycombinator.com/companies/roomstorm,Roomstorm,,2026-08-28T06:27:01.887983+00:00
1.0,STARTUP,Y Combinator,https://www.ycombinator.com/companies/hive,Hive,,2026-08-28T06:27:01.887983+00:00
1.0,STARTUP,Y Combinator,https://www.ycombinator.com/companies/spotangels,Spotangels,,2026-08-28T06:27:01.887983+00:00
1.0,STARTUP,Y Combinator,https://www.ycombinator.com/companies/usergems,Usergems,,2026-08-28T06:27:01.887983+00:00
1.0,STARTUP,Y Combinator,https://www.ycombinator.com/companies/sfox,Sfox,,2026-08-28T06:27:01.887983+00:00
1.0,STARTUP,Y Combinator,https://www.ycombinator.com/companies/picnicai,Picnicai,,2026-08-28T06:27:01.887983+00:00
1.0,STARTUP,Y Combinator,https://www.ycombinator.com/companies/permutive,Permutive,,2026-08-28T06:27:01.887983+00:00
1.0,STARTUP,Y Combinator,https://www.ycombinator.com/companies/alchemy,Alchemy,,2026-08-28T06:27:01.887983+00:00
1.0,STARTUP,Y Combinator,https://www.ycombinator.com/companies/mtailor,Mtailor,,2026-08-28T06:27:01.887983+00:00
1.0,STARTUP,Y Combinator,https://www.ycombinator.com/companies/metricwire,Metricwire,,2026-08-28T06:27:01.887983+00:00
1.0,STARTUP,Y Combinator,https://www.ycombinator.com/companies/protocol-labs,Protocol Labs,,2026-08-28T06:27:01.887983+00:00
1.0,STARTUP,Y Combinator,https://www.ycombinator.com/companies/greentoe,Greentoe,,2026-08-28T06:27:01.887983+00:00
1.0,STARTUP,Y Combinator,https://www.ycombinator.com/companies/hyperpad,Hyperpad,,2026-08-28T06:27:01.887983+00:00
1.0,STARTUP,Y Combinator,https://www.ycombinator.com/companies/flaviar,Flaviar,,2026-08-28T06:27:01.887983+00:00
1.0,STARTUP,Y Combinator,https://www.ycombinator.com/companies/cleartax,Cleartax,,2026-08-28T06:27:01.887983+00:00
1.0,STARTUP,Y Combinator,https://www.ycombinator.com/companies/backpack,Backpack,,2026-08-28T06:27:01.887983+00:00
1.0,STARTUP,Y Combinator,https://www.ycombinator.com/companies/immunity-project,Immunity Project,,2026-08-28T06:27:01.887983+00:00
1.0,STARTUP,Y Combinator,https://www.ycombinator.com/companies/dyspatch,Dyspatch,,2026-08-28T06:27:01.887983+00:00
1.0,STARTUP,Y Combinator,https://www.ycombinator.com/companies/opencurriculum,Opencurriculum,,2026-08-28T06:27:01.887983+00:00
1.0,STARTUP,Y Combinator,https://www.ycombinator.com/companies/mixerbox,Mixerbox,,2026-08-28T06:27:01.887983+00:00
1.0,STARTUP,Y Combinator,https://www.ycombinator.com/companies/y-combinator,Y Combinator,,2026-08-28T06:27:01.887983+00:00
1.0,STARTUP,Y Combinator,https://www.ycombinator.com/companies/gbatteries,Gbatteries,,2026-08-28T06:27:01.887983+00:00
1.0,STARTUP,Y Combinator,https://www.ycombinator.com/companies/zinc,Zinc,,2026-08-28T06:27:01.887983+00:00
1.0,STARTUP,Y Combinator,https://www.ycombinator.com/companies/zidisha,Zidisha,,2026-08-28T06:27:01.887983+00:00
1.0,STARTUP,Y Combinator,https://www.ycombinator.com/companies/truevault,Truevault,,2026-08-28T06:27:01.887983+00:00
1.0,STARTUP,Y Combinator,https://www.ycombinator.com/companies/guesty,Guesty,,2026-08-28T06:27:01.887983+00:00
1.0,STARTUP,Y Combinator,https://www.ycombinator.com/companies/snapdocs,Snapdocs,,2026-08-28T06:27:01.887983+00:00
1.0,STARTUP,Y Combinator,https://www.ycombinator.com/companies/medmonk,Medmonk,,2026-08-28T06:27:01.887983+00:00
1.0,STARTUP,Y Combinator,https://www.ycombinator.com/companies/shoobs,Shoobs,,2026-08-28T06:27:01.887983+00:00
1.0,STARTUP,Y Combinator,https://www.ycombinator.com/companies/pushbullet,Pushbullet,,2026-08-28T06:27:01.887983+00:00
1.0,STARTUP,Y Combinator,https://www.ycombinator.com/companies/povio,Povio,,2026-08-28T06:27:01.887983+00:00
1.0,STARTUP,Y Combinator,https://www.ycombinator.com/companies/piinpoint,Piinpoint,,2026-08-28T06:27:01.887983+00:00
1.0,STARTUP,Y Combinator,https://www.ycombinator.com/companies/one-degree,One Degree,,2026-08-28T06:27:01.887983+00:00
1.0,STARTUP,Y Combinator,https://www.ycombinator.com/companies/mbx,Mbx,,2026-08-28T06:27:01.887983+00:00
1.0,STARTUP,Y Combinator,https://www.ycombinator.com/companies/emailio,Emailio,,2026-08-28T06:27:01.887983+00:00
1.0,STARTUP,Y Combinator,https://www.ycombinator.com/companies/codenow,Codenow,,2026-08-28T06:27:01.887983+00:00
1.0,STARTUP,Y Combinator,https://www.ycombinator.com/companies/codecombat,Codecombat,,2026-08-28T06:27:01.887983+00:00
1.0,STARTUP,Y Combinator,https://www.ycombinator.com/companies/noora-health,Noora Health,,2026-08-28T06:27:01.887983+00:00
1.0,STARTUP,Y Combinator,https://www.ycombinator.com/companies/cambly,Cambly,,2026-08-28T06:27:01.887983+00:00
1.0,STARTUP,Y Combinator,https://www.ycombinator.com/companies/aptdeco,Aptdeco,,2026-08-28T06:27:01.887983+00:00
1.0,STARTUP,Y Combinator,https://www.ycombinator.com/companies/caremessage,Caremessage,,2026-08-28T06:27:01.887983+00:00
1.0,STARTUP,Y Combinator,https://www.ycombinator.com/companies/ambition,Ambition,,2026-08-28T06:27:01.887983+00:00
1.0,STARTUP,Y Combinator,https://www.ycombinator.com/companies/airhelp,Airhelp,,2026-08-28T06:27:01.887983+00:00
1.0,STARTUP,Y Combinator,https://www.ycombinator.com/companies/42,42,,2026-08-28T06:27:01.887983+00:00
1.0,STARTUP,Y Combinator,https://www.ycombinator.com/companies/true-link,True Link,,2026-08-28T06:27:01.887983+00:00
1.0,STARTUP,Y Combinator,https://www.ycombinator.com/companies/reebee,Reebee,,2026-08-28T06:27:01.887983+00:00
1.0,STARTUP,Y Combinator,https://www.ycombinator.com/companies/lob,Lob,,2026-08-28T06:27:01.887983+00:00
1.0,STARTUP,Y Combinator,https://www.ycombinator.com/companies/panorama-education,Panorama Education,,2026-08-28T06:27:01.887983+00:00
1.0,STARTUP,Y Combinator,https://www.ycombinator.com/companies/cratejoy,Cratejoy,,2026-08-28T06:27:01.887983+00:00
1.0,STARTUP,Y Combinator,https://www.ycombinator.com/companies/estimote-inc,Estimote Inc,,2026-08-28T06:27:01.887983+00:00
1.0,STARTUP,Y Combinator,https://www.ycombinator.com/companies/easypost,Easypost,,2026-08-28T06:27:01.887983+00:00
1.0,STARTUP,Y Combinator,https://www.ycombinator.com/companies/asseta,Asseta,,2026-08-28T06:27:01.887983+00:00
1.0,STARTUP,Y Combinator,https://www.ycombinator.com/companies/per-vices,Per Vices,,2026-08-28T06:27:01.887983+00:00
1.0,STARTUP,Y Combinator,https://www.ycombinator.com/companies/7cups,7Cups,,2026-08-28T06:27:01.887983+00:00
1.0,STARTUP,Y Combinator,https://www.ycombinator.com/companies/watsi,Watsi,,2026-08-28T06:27:01.887983+00:00
1.0,STARTUP,Y Combinator,https://www.ycombinator.com/companies/goldbelly,Goldbelly,,2026-08-28T06:27:01.887983+00:00
1.0,STARTUP,Y Combinator,https://www.ycombinator.com/companies/wevorce,Wevorce,,2026-08-28T06:27:01.887983+00:00
1.0,STARTUP,Y Combinator,https://www.ycombinator.com/companies/wefunder,Wefunder,,2026-08-28T06:27:01.887983+00:00
1.0,STARTUP,Y Combinator,https://www.ycombinator.com/companies/simplyinsured,Simplyinsured,,2026-08-28T06:27:01.887983+00:00
1.0,STARTUP,Y Combinator,https://www.ycombinator.com/companies/circuithub,Circuithub,,2026-08-28T06:27:01.887983+00:00
1.0,STARTUP,Y Combinator,https://www.ycombinator.com/companies/experiment,Experiment,,2026-08-28T06:27:01.887983+00:00
1.0,STARTUP,Y Combinator,https://www.ycombinator.com/companies/radar,Radar,,2026-08-28T06:27:01.887983+00:00
1.0,STARTUP,Y Combinator,https://www.ycombinator.com/companies/lollipuff,Lollipuff,,2026-08-28T06:27:01.887983+00:00
1.0,STARTUP,Y Combinator,https://www.ycombinator.com/companies/strikingly,Strikingly,,2026-08-28T06:27:01.887983+00:00
1.0,STARTUP,Y Combinator,https://www.ycombinator.com/companies/influxdata,Influxdata,,2026-08-28T06:27:01.887983+00:00
1.0,STARTUP,Y Combinator,https://www.ycombinator.com/companies/etleap,Etleap,,2026-08-28T06:27:01.887983+00:00
1.0,STARTUP,Y Combinator,https://www.ycombinator.com/companies/cheetah,Cheetah,,2026-08-28T06:27:01.887983+00:00
1.0,STARTUP,Y Combinator,https://www.ycombinator.com/companies/lawdingo,Lawdingo,,2026-08-28T06:27:01.887983+00:00
1.0,STARTUP,Y Combinator,https://www.ycombinator.com/companies/padlet,Padlet,,2026-08-28T06:27:01.887983+00:00
1.0,STARTUP,Y Combinator,https://www.ycombinator.com/companies/circuitlab,Circuitlab,,2026-08-28T06:27:01.887983+00:00
1.0,STARTUP,Y Combinator,https://www.ycombinator.com/companies/styleup,Styleup,,2026-08-28T06:27:01.887983+00:00
1.0,STARTUP,Y Combinator,https://www.ycombinator.com/companies/9gag,9Gag,,2026-08-28T06:27:01.887983+00:00
1.0,STARTUP,Y Combinator,https://www.ycombinator.com/companies/svbtle,Svbtle,,2026-08-28T06:27:01.887983+00:00
1.0,STARTUP,Y Combinator,https://www.ycombinator.com/companies/plivo,Plivo,,2026-08-28T06:27:01.887983+00:00
1.0,STARTUP,Y Combinator,https://www.ycombinator.com/companies/double-robotics,Double Robotics,,2026-08-28T06:27:01.887983+00:00
1.0,STARTUP,Y Combinator,https://www.ycombinator.com/companies/vastrm,Vastrm,,2026-08-28T06:27:01.887983+00:00
1.0,STARTUP,Y Combinator,https://www.ycombinator.com/companies/flightfox,Flightfox,,2026-08-28T06:27:01.887983+00:00
1.0,STARTUP,Y Combinator,https://www.ycombinator.com/companies/backerkit,Backerkit,,2026-08-28T06:27:01.887983+00:00
1.0,STARTUP,Y Combinator,https://www.ycombinator.com/companies/submittable,Submittable,,2026-08-28T06:27:01.887983+00:00
1.0,STARTUP,Y Combinator,https://www.ycombinator.com/companies/newsblur,Newsblur,,2026-08-28T06:27:01.887983+00:00
1.0,STARTUP,Y Combinator,https://www.ycombinator.com/companies/octavewealth,Octavewealth,,2026-08-28T06:27:01.887983+00:00
1.0,STARTUP,Y Combinator,https://www.ycombinator.com/companies/upwave,Upwave,,2026-08-28T06:27:01.887983+00:00
1.0,STARTUP,Y Combinator,https://www.ycombinator.com/companies/eligible,Eligible,,2026-08-28T06:27:01.887983+00:00
1.0,STARTUP,Y Combinator,https://www.ycombinator.com/companies/fundersclub,Fundersclub,,2026-08-28T06:27:01.887983+00:00
1.0,STARTUP,Y Combinator,https://www.ycombinator.com/companies/zentail,Zentail,,2026-08-28T06:27:01.887983+00:00
1.0,STARTUP,Y Combinator,https://www.ycombinator.com/companies/mattermost,Mattermost,,2026-08-28T06:27:01.887983+00:00
1.0,STARTUP,Y Combinator,https://www.ycombinator.com/companies/healthsherpa,Healthsherpa,,2026-08-28T06:27:01.887983+00:00
1.0,STARTUP,Y Combinator,https://www.ycombinator.com/companies/human-dx,Human Dx,,2026-08-28T06:27:01.887983+00:00
1.0,STARTUP,Y Combinator,https://www.ycombinator.com/companies/mth-sense,Mth Sense,,2026-08-28T06:27:01.887983+00:00
1.0,STARTUP,Y Combinator,https://www.ycombinator.com/companies/rainforest,Rainforest,,2026-08-28T06:27:01.887983+00:00
1.0,STARTUP,Y Combinator,https://www.ycombinator.com/companies/redoubt-insurance,Redoubt Insurance,,2026-08-28T06:27:01.887983+00:00
1.0,STARTUP,Y Combinator,https://www.ycombinator.com/companies/quippy,Quippy,,2026-08-28T06:27:01.887983+00:00
1.0,STARTUP,Y Combinator,https://www.ycombinator.com/companies/antimattr,Antimattr,,2026-08-28T06:27:01.887983+00:00
1.0,STARTUP,Y Combinator,https://www.ycombinator.com/companies/covera,Covera,,2026-08-28T06:27:01.887983+00:00
1.0,STARTUP,Y Combinator,https://www.ycombinator.com/companies/vorelios,Vorelios,,2026-08-28T06:27:01.887983+00:00
1.0,STARTUP,Y Combinator,https://www.ycombinator.com/companies/hemlock,Hemlock,,2026-08-28T06:27:01.887983+00:00
1.0,STARTUP,Y Combinator,https://www.ycombinator.com/companies/antropi-robotics,Antropi Robotics,,2026-08-28T06:27:01.887983+00:00
1.0,STARTUP,Y Combinator,https://www.ycombinator.com/companies/lantern-ai,Lantern Ai,,2026-08-28T06:27:01.887983+00:00
1.0,STARTUP,Y Combinator,https://www.ycombinator.com/companies/talos-us,Talos Us,,2026-08-28T06:27:01.887983+00:00
1.0,STARTUP,Y Combinator,https://www.ycombinator.com/companies/useforward,Useforward,,2026-08-28T06:27:01.887983+00:00
1.0,STARTUP,Y Combinator,https://www.ycombinator.com/companies/capveon,Capveon,,2026-08-28T06:27:01.887983+00:00
1.0,STARTUP,Y Combinator,https://www.ycombinator.com/companies/screenleap-inc,Screenleap Inc,,2026-08-28T06:27:01.887983+00:00
1.0,STARTUP,Y Combinator,https://www.ycombinator.com/companies/qokedas,Qokedas,,2026-08-28T06:27:01.887983+00:00
1.0,STARTUP,Y Combinator,https://www.ycombinator.com/companies/veeza-ai,Veeza Ai,,2026-08-28T06:27:01.887983+00:00
1.0,STARTUP,Y Combinator,https://www.ycombinator.com/companies/buxfer,Buxfer,,2026-08-28T06:27:01.887983+00:00
1.0,STARTUP,Y Combinator,https://www.ycombinator.com/companies/simulithic,Simulithic,,2026-08-28T06:27:01.887983+00:00
1.0,STARTUP,Y Combinator,https://www.ycombinator.com/companies/sentient-os,Sentient Os,,2026-08-28T06:27:01.887983+00:00
1.0,STARTUP,Y Combinator,https://www.ycombinator.com/companies/herdr,Herdr,,2026-08-28T06:27:01.887983+00:00
1.0,STARTUP,Y Combinator,https://www.ycombinator.com/companies/lambda-robotics,Lambda Robotics,,2026-08-28T06:27:01.887983+00:00
1.0,STARTUP,Y Combinator,https://www.ycombinator.com/companies/virtualmin,Virtualmin,,2026-08-28T06:27:01.887983+00:00
1.0,STARTUP,Y Combinator,https://www.ycombinator.com/companies/opentag,Opentag,,2026-08-28T06:27:01.887983+00:00
1.0,STARTUP,Y Combinator,https://www.ycombinator.com/companies/conifer,Conifer,,2026-08-28T06:27:01.887983+00:00
1.0,STARTUP,Y Combinator,https://www.ycombinator.com/companies/simantic,Simantic,,2026-08-28T06:27:01.887983+00:00
1.0,STARTUP,Y Combinator,https://www.ycombinator.com/companies/experiential-labs,Experiential Labs,,2026-08-28T06:27:01.887983+00:00
1.0,STARTUP,Y Combinator,https://www.ycombinator.com/companies/edviro,Edviro,,2026-08-28T06:27:01.887983+00:00
1.0,STARTUP,Y Combinator,https://www.ycombinator.com/companies/lightfield,Lightfield,,2026-08-28T06:27:01.887983+00:00
1.0,STARTUP,Y Combinator,https://www.ycombinator.com/companies/coarena,Coarena,,2026-08-28T06:27:01.887983+00:00
1.0,STARTUP,Y Combinator,https://www.ycombinator.com/companies/caution,Caution,,2026-08-28T06:27:01.887983+00:00
1.0,STARTUP,Y Combinator,https://www.ycombinator.com/companies/magma,Magma,,2026-08-28T06:27:01.887983+00:00
1.0,STARTUP,Y Combinator,https://www.ycombinator.com/companies/atomarine,Atomarine,,2026-08-28T06:27:01.887983+00:00
1.0,STARTUP,Y Combinator,https://www.ycombinator.com/companies/billow-ai-labs,Billow Ai Labs,,2026-08-28T06:27:01.887983+00:00
1.0,STARTUP,Y Combinator,https://www.ycombinator.com/companies/hardware-intelligence,Hardware Intelligence,,2026-08-28T06:27:01.887983+00:00
1.0,STARTUP,Y Combinator,https://www.ycombinator.com/companies/osseus,Osseus,,2026-08-28T06:27:01.887983+00:00
1.0,STARTUP,Y Combinator,https://www.ycombinator.com/companies/allia-health,Allia Health,,2026-08-28T06:27:01.887983+00:00
1.0,STARTUP,Y Combinator,https://www.ycombinator.com/companies/salem-robotics-inc,Salem Robotics Inc,,2026-08-28T06:27:01.887983+00:00
1.0,STARTUP,Y Combinator,https://www.ycombinator.com/companies/robocurve,Robocurve,,2026-08-28T06:27:01.887983+00:00
1.0,STARTUP,Y Combinator,https://www.ycombinator.com/companies/hiloop,Hiloop,,2026-08-28T06:27:01.887983+00:00
1.0,STARTUP,Y Combinator,https://www.ycombinator.com/companies/snap-poker,Snap Poker,,2026-08-28T06:27:01.887983+00:00
1.0,STARTUP,Y Combinator,https://www.ycombinator.com/companies/dawn-industries,Dawn Industries,,2026-08-28T06:27:01.887983+00:00
1.0,STARTUP,Y Combinator,https://www.ycombinator.com/companies/nex,Nex,,2026-08-28T06:27:01.887983+00:00
1.0,STARTUP,Y Combinator,https://www.ycombinator.com/companies/onecli,Onecli,,2026-08-28T06:27:01.887983+00:00
1.0,STARTUP,Y Combinator,https://www.ycombinator.com/companies/vernius-systems-inc,Vernius Systems Inc,,2026-08-28T06:27:01.887983+00:00
1.0,STARTUP,Y Combinator,https://www.ycombinator.com/companies/wondering,Wondering,,2026-08-28T06:27:01.887983+00:00
1.0,STARTUP,Y Combinator,https://www.ycombinator.com/companies/tracer,Tracer,,2026-08-28T06:27:01.887983+00:00
1.0,STARTUP,Y Combinator,https://www.ycombinator.com/companies/amulet,Amulet,,2026-08-28T06:27:01.887983+00:00
1.0,STARTUP,Y Combinator,https://www.ycombinator.com/companies/avoca-systems,Avoca Systems,,2026-08-28T06:27:01.887983+00:00
1.0,STARTUP,Y Combinator,https://www.ycombinator.com/companies/subvysion,Subvysion,,2026-08-28T06:27:01.887983+00:00
1.0,STARTUP,Y Combinator,https://www.ycombinator.com/companies/ethos-space-resources,Ethos Space Resources,,2026-08-28T06:27:01.887983+00:00
1.0,STARTUP,Y Combinator,https://www.ycombinator.com/companies/spaceflow-technologies-inc,Spaceflow Technologies Inc,,2026-08-28T06:27:01.887983+00:00
1.0,STARTUP,Y Combinator,https://www.ycombinator.com/companies/petrarch,Petrarch,,2026-08-28T06:27:01.887983+00:00
1.0,STARTUP,Y Combinator,https://www.ycombinator.com/companies/locke,Locke,,2026-08-28T06:27:01.887983+00:00
1.0,STARTUP,Y Combinator,https://www.ycombinator.com/companies/florin,Florin,,2026-08-28T06:27:01.887983+00:00
1.0,STARTUP,Y Combinator,https://www.ycombinator.com/companies/earendil-robotics,Earendil Robotics,,2026-08-28T06:27:01.887983+00:00
1.0,STARTUP,Y Combinator,https://www.ycombinator.com/companies/hebbian-robotics,Hebbian Robotics,,2026-08-28T06:27:01.887983+00:00
1.0,STARTUP,Y Combinator,https://www.ycombinator.com/companies/princeps,Princeps,,2026-08-28T06:27:01.887983+00:00
1.0,STARTUP,Y Combinator,https://www.ycombinator.com/companies/hop-aero,Hop Aero,,2026-08-28T06:27:01.887983+00:00
1.0,STARTUP,Y Combinator,https://www.ycombinator.com/companies/agent-fm,Agent Fm,,2026-08-28T06:27:01.887983+00:00
1.0,STARTUP,Y Combinator,https://www.ycombinator.com/companies/openrelay,Openrelay,,2026-08-28T06:27:01.887983+00:00
1.0,STARTUP,Y Combinator,https://www.ycombinator.com/companies/dock,Dock,,2026-08-28T06:27:01.887983+00:00
1.0,STARTUP,Y Combinator,https://www.ycombinator.com/companies/verdict-machine,Verdict Machine,,2026-08-28T06:27:01.887983+00:00
1.0,STARTUP,Y Combinator,https://www.ycombinator.com/companies/tovenai,Tovenai,,2026-08-28T06:27:01.887983+00:00
1.0,STARTUP,Y Combinator,https://www.ycombinator.com/companies/hyperprobe,Hyperprobe,,2026-08-28T06:27:01.887983+00:00
1.0,STARTUP,Y Combinator,https://www.ycombinator.com/companies/grip,Grip,,2026-08-28T06:27:01.887983+00:00
1.0,STARTUP,Y Combinator,https://www.ycombinator.com/companies/skymerse,Skymerse,,2026-08-28T06:27:01.887983+00:00
1.0,STARTUP,Y Combinator,https://www.ycombinator.com/companies/hubble-ai,Hubble Ai,,2026-08-28T06:27:01.887983+00:00
1.0,STARTUP,Y Combinator,https://www.ycombinator.com/companies/palisade-2,Palisade 2,,2026-08-28T06:27:01.887983+00:00
1.0,STARTUP,Y Combinator,https://www.ycombinator.com/companies/83-sciences,83 Sciences,,2026-08-28T06:27:01.887983+00:00
1.0,STARTUP,Y Combinator,https://www.ycombinator.com/companies/chromie,Chromie,,2026-08-28T06:27:01.887983+00:00
1.0,STARTUP,Y Combinator,https://www.ycombinator.com/companies/lamb-labs,Lamb Labs,,2026-08-28T06:27:01.887983+00:00
1.0,STARTUP,Y Combinator,https://www.ycombinator.com/companies/shiraz-ai,Shiraz Ai,,2026-08-28T06:27:01.887983+00:00
1.0,STARTUP,Y Combinator,https://www.ycombinator.com/companies/mireye,Mireye,,2026-08-28T06:27:01.887983+00:00
1.0,STARTUP,Y Combinator,https://www.ycombinator.com/companies/touchy,Touchy,,2026-08-28T06:27:01.887983+00:00
1.0,STARTUP,Y Combinator,https://www.ycombinator.com/companies/derya,Derya,,2026-08-28T06:27:01.887983+00:00
1.0,STARTUP,Y Combinator,https://www.ycombinator.com/companies/pennant,Pennant,,2026-08-28T06:27:01.887983+00:00
1.0,STARTUP,Y Combinator,https://www.ycombinator.com/companies/decawork,Decawork,,2026-08-28T06:27:01.887983+00:00
1.0,STARTUP,Y Combinator,https://www.ycombinator.com/companies/carsignal,Carsignal,,2026-08-28T06:27:01.887983+00:00
1.0,STARTUP,Y Combinator,https://www.ycombinator.com/companies/axelrod,Axelrod,,2026-08-28T06:27:01.887983+00:00
1.0,STARTUP,Y Combinator,https://www.ycombinator.com/companies/levocred-ai,Levocred Ai,,2026-08-28T06:27:01.887983+00:00
1.0,STARTUP,Y Combinator,https://www.ycombinator.com/companies/praxis-robotics,Praxis Robotics,,2026-08-28T06:27:01.887983+00:00
1.0,STARTUP,Y Combinator,https://www.ycombinator.com/companies/care-gp,Care Gp,,2026-08-28T06:27:01.887983+00:00
1.0,STARTUP,Y Combinator,https://www.ycombinator.com/companies/radley,Radley,,2026-08-28T06:27:01.887983+00:00
1.0,STARTUP,Y Combinator,https://www.ycombinator.com/companies/agnost-ai,Agnost Ai,,2026-08-28T06:27:01.887983+00:00
1.0,STARTUP,Y Combinator,https://www.ycombinator.com/companies/agentcard,Agentcard,,2026-08-28T06:27:01.887983+00:00
1.0,STARTUP,Y Combinator,https://www.ycombinator.com/companies/provenmetal,Provenmetal,,2026-08-28T06:27:01.887983+00:00
1.0,STARTUP,Y Combinator,https://www.ycombinator.com/companies/gamgee,Gamgee,,2026-08-28T06:27:01.887983+00:00
1.0,STARTUP,Y Combinator,https://www.ycombinator.com/companies/inkbox,Inkbox,,2026-08-28T06:27:01.887983+00:00
1.0,STARTUP,Y Combinator,https://www.ycombinator.com/companies/cosmic-robotics,Cosmic Robotics,,2026-08-28T06:27:01.887983+00:00
1.0,STARTUP,Y Combinator,https://www.ycombinator.com/companies/markov,Markov,,2026-08-28T06:27:01.887983+00:00
1.0,STARTUP,Y Combinator,https://www.ycombinator.com/companies/familiar,Familiar,,2026-08-28T06:27:01.887983+00:00
1.0,STARTUP,Y Combinator,https://www.ycombinator.com/companies/lumeria,Lumeria,,2026-08-28T06:27:01.887983+00:00
1.0,STARTUP,Y Combinator,https://www.ycombinator.com/companies/marengo,Marengo,,2026-08-28T06:27:01.887983+00:00
1.0,STARTUP,Y Combinator,https://www.ycombinator.com/companies/ronanrx-inc,Ronanrx Inc,,2026-08-28T06:27:01.887983+00:00
1.0,STARTUP,Y Combinator,https://www.ycombinator.com/companies/waybill,Waybill,,2026-08-28T06:27:01.887983+00:00
1.0,STARTUP,Y Combinator,https://www.ycombinator.com/companies/executor,Executor,,2026-08-28T06:27:01.887983+00:00
1.0,STARTUP,Y Combinator,https://www.ycombinator.com/companies/last-accounting-company,Last Accounting Company,,2026-08-28T06:27:01.887983+00:00
1.0,STARTUP,Y Combinator,https://www.ycombinator.com/companies/pacific,Pacific,,2026-08-28T06:27:01.887983+00:00
1.0,STARTUP,Y Combinator,https://www.ycombinator.com/companies/luca-iq,Luca Iq,,2026-08-28T06:27:01.887983+00:00
1.0,STARTUP,Y Combinator,https://www.ycombinator.com/companies/financial-datasets,Financial Datasets,,2026-08-28T06:27:01.887983+00:00
1.0,STARTUP,Y Combinator,https://www.ycombinator.com/companies/trynearby,Trynearby,,2026-08-28T06:27:01.887983+00:00
1.0,STARTUP,Y Combinator,https://www.ycombinator.com/companies/computable,Computable,,2026-08-28T06:27:01.887983+00:00
1.0,STARTUP,Y Combinator,https://www.ycombinator.com/companies/denta,Denta,,2026-08-28T06:27:01.887983+00:00
1.0,STARTUP,Y Combinator,https://www.ycombinator.com/companies/isengard-industries-inc,Isengard Industries Inc,,2026-08-28T06:27:01.887983+00:00
1.0,STARTUP,Y Combinator,https://www.ycombinator.com/companies/ekho-labs,Ekho Labs,,2026-08-28T06:27:01.887983+00:00
1.0,STARTUP,Y Combinator,https://www.ycombinator.com/companies/moving-atoms,Moving Atoms,,2026-08-28T06:27:01.887983+00:00
1.0,STARTUP,Y Combinator,https://www.ycombinator.com/companies/vestris,Vestris,,2026-08-28T06:27:01.887983+00:00
1.0,STARTUP,Y Combinator,https://www.ycombinator.com/companies/ultrasonium,Ultrasonium,,2026-08-28T06:27:01.887983+00:00
1.0,STARTUP,Y Combinator,https://www.ycombinator.com/companies/arbital,Arbital,,2026-08-28T06:27:01.887983+00:00
1.0,STARTUP,Y Combinator,https://www.ycombinator.com/companies/pokerclubhub,Pokerclubhub,,2026-08-28T06:27:01.887983+00:00
1.0,STARTUP,Y Combinator,https://www.ycombinator.com/companies/neuron-industries,Neuron Industries,,2026-08-28T06:27:01.887983+00:00
1.0,STARTUP,Y Combinator,https://www.ycombinator.com/companies/neuromorphic,Neuromorphic,,2026-08-28T06:27:01.887983+00:00
1.0,STARTUP,Y Combinator,https://www.ycombinator.com/companies/lato,Lato,,2026-08-28T06:27:01.887983+00:00
1.0,STARTUP,Y Combinator,https://www.ycombinator.com/companies/risklytics,Risklytics,,2026-08-28T06:27:01.887983+00:00
1.0,STARTUP,Y Combinator,https://www.ycombinator.com/companies/daqstra,Daqstra,,2026-08-28T06:27:01.887983+00:00
1.0,STARTUP,Y Combinator,https://www.ycombinator.com/companies/tenor,Tenor,,2026-08-28T06:27:01.887983+00:00
1.0,STARTUP,Y Combinator,https://www.ycombinator.com/companies/qlo,Qlo,,2026-08-28T06:27:01.887983+00:00
1.0,STARTUP,Y Combinator,https://www.ycombinator.com/companies/fabraix,Fabraix,,2026-08-28T06:27:01.887983+00:00
1.0,STARTUP,Y Combinator,https://www.ycombinator.com/companies/omanta,Omanta,,2026-08-28T06:27:01.887983+00:00
1.0,STARTUP,Y Combinator,https://www.ycombinator.com/companies/rational,Rational,,2026-08-28T06:27:01.887983+00:00
1.0,STARTUP,Y Combinator,https://www.ycombinator.com/companies/aktoria-robotics,Aktoria Robotics,,2026-08-28T06:27:01.887983+00:00
1.0,STARTUP,Y Combinator,https://www.ycombinator.com/companies/vendo,Vendo,,2026-08-28T06:27:01.887983+00:00
1.0,STARTUP,Y Combinator,https://www.ycombinator.com/companies/akon-labs,Akon Labs,,2026-08-28T06:27:01.887983+00:00
1.0,STARTUP,Y Combinator,https://www.ycombinator.com/companies/click,Click,,2026-08-28T06:27:01.887983+00:00
1.0,STARTUP,Y Combinator,https://www.ycombinator.com/companies/whitespace,Whitespace,,2026-08-28T06:27:01.887983+00:00
1.0,STARTUP,Y Combinator,https://www.ycombinator.com/companies/blue-frog-gaming,Blue Frog Gaming,,2026-08-28T06:27:01.887983+00:00
1.0,STARTUP,Y Combinator,https://www.ycombinator.com/companies/almanac,Almanac,,2026-08-28T06:27:01.887983+00:00
1.0,STARTUP,Y Combinator,https://www.ycombinator.com/companies/tarebio,Tarebio,,2026-08-28T06:27:01.887983+00:00
1.0,STARTUP,Y Combinator,https://www.ycombinator.com/companies/greypoint-industries,Greypoint Industries,,2026-08-28T06:27:01.887983+00:00
1.0,STARTUP,Y Combinator,https://www.ycombinator.com/companies/hilstart,Hilstart,,2026-08-28T06:27:01.887983+00:00
1.0,STARTUP,Y Combinator,https://www.ycombinator.com/companies/aerogen-systems,Aerogen Systems,,2026-08-28T06:27:01.887983+00:00
1.0,STARTUP,Y Combinator,https://www.ycombinator.com/companies/graphify-labs,Graphify Labs,,2026-08-28T06:27:01.887983+00:00
1.0,STARTUP,Y Combinator,https://www.ycombinator.com/companies/ooak-data,Ooak Data,,2026-08-28T06:27:01.887983+00:00
1.0,STARTUP,Y Combinator,https://www.ycombinator.com/companies/noril1,Noril1,,2026-08-28T06:27:01.887983+00:00
1.0,STARTUP,Y Combinator,https://www.ycombinator.com/companies/6thsense,6Thsense,,2026-08-28T06:27:01.887983+00:00
1.0,STARTUP,Y Combinator,https://www.ycombinator.com/companies/bloomy,Bloomy,,2026-08-28T06:27:01.887983+00:00
1.0,STARTUP,Y Combinator,https://www.ycombinator.com/companies/machine0,Machine0,,2026-08-28T06:27:01.887983+00:00
1.0,STARTUP,Y Combinator,https://www.ycombinator.com/companies/talentpluto,Talentpluto,,2026-08-28T06:27:01.887983+00:00
1.0,STARTUP,Y Combinator,https://www.ycombinator.com/companies/flowmanual,Flowmanual,,2026-08-28T06:27:01.887983+00:00
1.0,STARTUP,Y Combinator,https://www.ycombinator.com/companies/stratum-industries,Stratum Industries,,2026-08-28T06:27:01.887983+00:00
1.0,STARTUP,Y Combinator,https://www.ycombinator.com/companies/peer,Peer,,2026-08-28T06:27:01.887983+00:00
1.0,STARTUP,Y Combinator,https://www.ycombinator.com/companies/molagri,Molagri,,2026-08-28T06:27:01.887983+00:00
1.0,STARTUP,Y Combinator,https://www.ycombinator.com/companies/cerenovus,Cerenovus,,2026-08-28T06:27:01.887983+00:00
1.0,STARTUP,Y Combinator,https://www.ycombinator.com/companies/agency-tool-company,Agency Tool Company,,2026-08-28T06:27:01.887983+00:00
1.0,STARTUP,Y Combinator,https://www.ycombinator.com/companies/standard-machines,Standard Machines,,2026-08-28T06:27:01.887983+00:00
1.0,STARTUP,Y Combinator,https://www.ycombinator.com/companies/edotenv,Edotenv,,2026-08-28T06:27:01.887983+00:00
1.0,STARTUP,Y Combinator,https://www.ycombinator.com/companies/traceforce,Traceforce,,2026-08-28T06:27:01.887983+00:00
1.0,STARTUP,Y Combinator,https://www.ycombinator.com/companies/veltha,Veltha,,2026-08-28T06:27:01.887983+00:00
1.0,STARTUP,Y Combinator,https://www.ycombinator.com/companies/tarifflo-inc,Tarifflo Inc,,2026-08-28T06:27:01.887983+00:00
1.0,STARTUP,Y Combinator,https://www.ycombinator.com/companies/callbook-ai,Callbook Ai,,2026-08-28T06:27:01.887983+00:00
1.0,STARTUP,Y Combinator,https://www.ycombinator.com/companies/definite,Definite,,2026-08-28T06:27:01.887983+00:00
1.0,STARTUP,Y Combinator,https://www.ycombinator.com/companies/alkera-ai,Alkera Ai,,2026-08-28T06:27:01.887983+00:00
1.0,STARTUP,Y Combinator,https://www.ycombinator.com/companies/rasyn,Rasyn,,2026-08-28T06:27:01.887983+00:00
1.0,STARTUP,Y Combinator,https://www.ycombinator.com/companies/manifold-2,Manifold 2,,2026-08-28T06:27:01.887983+00:00
1.0,STARTUP,Y Combinator,https://www.ycombinator.com/companies/screenpipe,Screenpipe,,2026-08-28T06:27:01.887983+00:00
1.0,STARTUP,Y Combinator,https://www.ycombinator.com/companies/spectre-intelligence,Spectre Intelligence,,2026-08-28T06:27:01.887983+00:00
1.0,STARTUP,Y Combinator,https://www.ycombinator.com/companies/zaplar,Zaplar,,2026-08-28T06:27:01.887983+00:00
1.0,STARTUP,Y Combinator,https://www.ycombinator.com/companies/prodigy-research,Prodigy Research,,2026-08-28T06:27:01.887983+00:00
1.0,STARTUP,Y Combinator,https://www.ycombinator.com/companies/touchmark,Touchmark,,2026-08-28T06:27:01.887983+00:00
1.0,STARTUP,Y Combinator,https://www.ycombinator.com/companies/exosat,Exosat,,2026-08-28T06:27:01.887983+00:00
1.0,STARTUP,Y Combinator,https://www.ycombinator.com/companies/codag,Codag,,2026-08-28T06:27:01.887983+00:00
1.0,STARTUP,Y Combinator,https://www.ycombinator.com/companies/contextdev,Contextdev,,2026-08-28T06:27:01.887983+00:00
1.0,STARTUP,Y Combinator,https://www.ycombinator.com/companies/glen,Glen,,2026-08-28T06:27:01.887983+00:00
1.0,STARTUP,Y Combinator,https://www.ycombinator.com/companies/stoa,Stoa,,2026-08-28T06:27:01.887983+00:00
1.0,STARTUP,Y Combinator,https://www.ycombinator.com/companies/joinmarble,Joinmarble,,2026-08-28T06:27:01.887983+00:00
1.0,STARTUP,Y Combinator,https://www.ycombinator.com/companies/audun,Audun,,2026-08-28T06:27:01.887983+00:00
1.0,STARTUP,Y Combinator,https://www.ycombinator.com/companies/grocalo,Grocalo,,2026-08-28T06:27:01.887983+00:00
1.0,STARTUP,Y Combinator,https://www.ycombinator.com/companies/ai-coach,Ai Coach,,2026-08-28T06:27:01.887983+00:00
1.0,STARTUP,Y Combinator,https://www.ycombinator.com/companies/deepreach-inc,Deepreach Inc,,2026-08-28T06:27:01.887983+00:00
1.0,STARTUP,Y Combinator,https://www.ycombinator.com/companies/mochitv,Mochitv,,2026-08-28T06:27:01.887983+00:00
1.0,STARTUP,Y Combinator,https://www.ycombinator.com/companies/alloovium,Alloovium,,2026-08-28T06:27:01.887983+00:00
1.0,STARTUP,Y Combinator,https://www.ycombinator.com/companies/dialogus,Dialogus,,2026-08-28T06:27:01.887983+00:00
1.0,STARTUP,Y Combinator,https://www.ycombinator.com/companies/mosaic-inc,Mosaic Inc,,2026-08-28T06:27:01.887983+00:00
1.0,STARTUP,Y Combinator,https://www.ycombinator.com/companies/bizmark,Bizmark,,2026-08-28T06:27:01.887983+00:00
1.0,STARTUP,Y Combinator,https://www.ycombinator.com/companies/riften,Riften,,2026-08-28T06:27:01.887983+00:00
1.0,STARTUP,Y Combinator,https://www.ycombinator.com/companies/buildbox,Buildbox,,2026-08-28T06:27:01.887983+00:00
1.0,STARTUP,Y Combinator,https://www.ycombinator.com/companies/realpact,Realpact,,2026-08-28T06:27:01.887983+00:00
1.0,STARTUP,Y Combinator,https://www.ycombinator.com/companies/guild,Guild,,2026-08-28T06:27:01.887983+00:00
1.0,STARTUP,Y Combinator,https://www.ycombinator.com/companies/floracene,Floracene,,2026-08-28T06:27:01.887983+00:00
1.0,STARTUP,Y Combinator,https://www.ycombinator.com/companies/rise-reforming,Rise Reforming,,2026-08-28T06:27:01.887983+00:00
1.0,STARTUP,Y Combinator,https://www.ycombinator.com/companies/lyon,Lyon,,2026-08-28T06:27:01.887983+00:00
1.0,STARTUP,Y Combinator,https://www.ycombinator.com/companies/instaplay,Instaplay,,2026-08-28T06:27:01.887983+00:00
1.0,STARTUP,Y Combinator,https://www.ycombinator.com/companies/verdant,Verdant,,2026-08-28T06:27:01.887983+00:00
1.0,STARTUP,Y Combinator,https://www.ycombinator.com/companies/impact-drones,Impact Drones,,2026-08-28T06:27:01.887983+00:00
1.0,STARTUP,Y Combinator,https://www.ycombinator.com/companies/insurf,Insurf,,2026-08-28T06:27:01.887983+00:00
1.0,STARTUP,Y Combinator,https://www.ycombinator.com/companies/jcode,Jcode,,2026-08-28T06:27:01.887983+00:00
1.0,STARTUP,Y Combinator,https://www.ycombinator.com/companies/lemonlime,Lemonlime,,2026-08-28T06:27:01.887983+00:00
1.0,STARTUP,Y Combinator,https://www.ycombinator.com/companies/gutgutgoose,Gutgutgoose,,2026-08-28T06:27:01.887983+00:00
1.0,STARTUP,Y Combinator,https://www.ycombinator.com/companies/speko,Speko,,2026-08-28T06:27:01.887983+00:00
1.0,STARTUP,Y Combinator,https://www.ycombinator.com/companies/synapse-semiconductor,Synapse Semiconductor,,2026-08-28T06:27:01.887983+00:00
1.0,STARTUP,Y Combinator,https://www.ycombinator.com/companies/understudy-labs,Understudy Labs,,2026-08-28T06:27:01.887983+00:00
1.0,STARTUP,Y Combinator,https://www.ycombinator.com/companies/rote,Rote,,2026-08-28T06:27:01.887983+00:00
1.0,STARTUP,Y Combinator,https://www.ycombinator.com/companies/prized,Prized,,2026-08-28T06:27:01.887983+00:00
1.0,STARTUP,Y Combinator,https://www.ycombinator.com/companies/studio,Studio,,2026-08-28T06:27:01.887983+00:00
1.0,STARTUP,Y Combinator,https://www.ycombinator.com/companies/bernard,Bernard,,2026-08-28T06:27:01.887983+00:00
1.0,STARTUP,Y Combinator,https://www.ycombinator.com/companies/maingen,Maingen,,2026-08-28T06:27:01.887983+00:00
1.0,STARTUP,Y Combinator,https://www.ycombinator.com/companies/enact,Enact,,2026-08-28T06:27:01.887983+00:00
1.0,STARTUP,Y Combinator,https://www.ycombinator.com/companies/rex-inc,Rex Inc,,2026-08-28T06:27:01.887983+00:00
1.0,STARTUP,Y Combinator,https://www.ycombinator.com/companies/zomma,Zomma,,2026-08-28T06:27:01.887983+00:00
1.0,STARTUP,Y Combinator,https://www.ycombinator.com/companies/nebula-security,Nebula Security,,2026-08-28T06:27:01.887983+00:00
1.0,STARTUP,Y Combinator,https://www.ycombinator.com/companies/kara,Kara,,2026-08-28T06:27:01.887983+00:00
1.0,STARTUP,Y Combinator,https://www.ycombinator.com/companies/palisade,Palisade,,2026-08-28T06:27:01.887983+00:00
1.0,STARTUP,Y Combinator,https://www.ycombinator.com/companies/trope,Trope,,2026-08-28T06:27:01.887983+00:00
1.0,STARTUP,Y Combinator,https://www.ycombinator.com/companies/parasma,Parasma,,2026-08-28T06:27:01.887983+00:00
1.0,STARTUP,Y Combinator,https://www.ycombinator.com/companies/belvedir,Belvedir,,2026-08-28T06:27:01.887983+00:00
1.0,STARTUP,Y Combinator,https://www.ycombinator.com/companies/shielded,Shielded,,2026-08-28T06:27:01.887983+00:00
1.0,STARTUP,Y Combinator,https://www.ycombinator.com/companies/olam-labs,Olam Labs,,2026-08-28T06:27:01.887983+00:00
1.0,STARTUP,Y Combinator,https://www.ycombinator.com/companies/egoist-machines,Egoist Machines,,2026-08-28T06:27:01.887983+00:00
1.0,STARTUP,Y Combinator,https://www.ycombinator.com/companies/mass-magnetics,Mass Magnetics,,2026-08-28T06:27:01.887983+00:00
1.0,STARTUP,Y Combinator,https://www.ycombinator.com/companies/perceptron-ml,Perceptron Ml,,2026-08-28T06:27:01.887983+00:00
1.0,STARTUP,Y Combinator,https://www.ycombinator.com/companies/erinys,Erinys,,2026-08-28T06:27:01.887983+00:00
1.0,STARTUP,Y Combinator,https://www.ycombinator.com/companies/manufacturingintelligence,Manufacturingintelligence,,2026-08-28T06:27:01.887983+00:00
1.0,STARTUP,Y Combinator,https://www.ycombinator.com/companies/donkey,Donkey,,2026-08-28T06:27:01.887983+00:00
1.0,STARTUP,Y Combinator,https://www.ycombinator.com/companies/opentrade,Opentrade,,2026-08-28T06:27:01.887983+00:00
1.0,STARTUP,Y Combinator,https://www.ycombinator.com/companies/hoplite,Hoplite,,2026-08-28T06:27:01.887983+00:00
1.0,STARTUP,Y Combinator,https://www.ycombinator.com/companies/cleverdeck,Cleverdeck,,2026-08-28T06:27:01.887983+00:00
1.0,STARTUP,Y Combinator,https://www.ycombinator.com/companies/pango,Pango,,2026-08-28T06:27:01.887983+00:00
1.0,STARTUP,Y Combinator,https://www.ycombinator.com/companies/tash,Tash,,2026-08-28T06:27:01.887983+00:00
1.0,STARTUP,Y Combinator,https://www.ycombinator.com/companies/torus,Torus,,2026-08-28T06:27:01.887983+00:00
1.0,STARTUP,Y Combinator,https://www.ycombinator.com/companies/kebra,Kebra,,2026-08-28T06:27:01.887983+00:00
1.0,STARTUP,Y Combinator,https://www.ycombinator.com/companies/gitcafe,Gitcafe,,2026-08-28T06:27:01.887983+00:00
1.0,STARTUP,Y Combinator,https://www.ycombinator.com/companies/rightnow,Rightnow,,2026-08-28T06:27:01.887983+00:00
1.0,STARTUP,Y Combinator,https://www.ycombinator.com/companies/edgerun,Edgerun,,2026-08-28T06:27:01.887983+00:00
1.0,STARTUP,Y Combinator,https://www.ycombinator.com/companies/akkari,Akkari,,2026-08-28T06:27:01.887983+00:00
1.0,STARTUP,Y Combinator,https://www.ycombinator.com/companies/heyclicky,Heyclicky,,2026-08-28T06:27:01.887983+00:00
1.0,STARTUP,Y Combinator,https://www.ycombinator.com/companies/rindler,Rindler,,2026-08-28T06:27:01.887983+00:00
1.0,STARTUP,Y Combinator,https://www.ycombinator.com/companies/proprio-robotics,Proprio Robotics,,2026-08-28T06:27:01.887983+00:00
1.0,STARTUP,Y Combinator,https://www.ycombinator.com/companies/huscarl,Huscarl,,2026-08-28T06:27:01.887983+00:00
1.0,STARTUP,Y Combinator,https://www.ycombinator.com/companies/thomas,Thomas,,2026-08-28T06:27:01.887983+00:00
1.0,STARTUP,Y Combinator,https://www.ycombinator.com/companies/cohesion,Cohesion,,2026-08-28T06:27:01.887983+00:00
1.0,STARTUP,Y Combinator,https://www.ycombinator.com/companies/maquoketa-research,Maquoketa Research,,2026-08-28T06:27:01.887983+00:00
1.0,STARTUP,Y Combinator,https://www.ycombinator.com/companies/intelligence-factory,Intelligence Factory,,2026-08-28T06:27:01.887983+00:00
1.0,STARTUP,Y Combinator,https://www.ycombinator.com/companies/amorphic-labs,Amorphic Labs,,2026-08-28T06:27:01.887983+00:00
1.0,STARTUP,Y Combinator,https://www.ycombinator.com/companies/rekursivai,Rekursivai,,2026-08-28T06:27:01.887983+00:00
1.0,STARTUP,Y Combinator,https://www.ycombinator.com/companies/clawvisor,Clawvisor,,2026-08-28T06:27:01.887983+00:00
1.0,STARTUP,Y Combinator,https://www.ycombinator.com/companies/framewise-health,Framewise Health,,2026-08-28T06:27:01.887983+00:00
1.0,STARTUP,Y Combinator,https://www.ycombinator.com/companies/arctic-health,Arctic Health,,2026-08-28T06:27:01.887983+00:00
1.0,STARTUP,Y Combinator,https://www.ycombinator.com/companies/playablai,Playablai,,2026-08-28T06:27:01.887983+00:00
1.0,STARTUP,Y Combinator,https://www.ycombinator.com/companies/enjamb-labs,Enjamb Labs,,2026-08-28T06:27:01.887983+00:00
1.0,STARTUP,Y Combinator,https://www.ycombinator.com/companies/hyper-4,Hyper 4,,2026-08-28T06:27:01.887983+00:00
1.0,STARTUP,Y Combinator,https://www.ycombinator.com/companies/insforge,Insforge,,2026-08-28T06:27:01.887983+00:00
1.0,STARTUP,Y Combinator,https://www.ycombinator.com/companies/reasonblocks,Reasonblocks,,2026-08-28T06:27:01.887983+00:00
1.0,STARTUP,Y Combinator,https://www.ycombinator.com/companies/modern,Modern,,2026-08-28T06:27:01.887983+00:00
1.0,STARTUP,Y Combinator,https://www.ycombinator.com/companies/panacea,Panacea,,2026-08-28T06:27:01.887983+00:00
1.0,STARTUP,Y Combinator,https://www.ycombinator.com/companies/centralcoms,Centralcoms,,2026-08-28T06:27:01.887983+00:00
1.0,STARTUP,Y Combinator,https://www.ycombinator.com/companies/kugelaudio,Kugelaudio,,2026-08-28T06:27:01.887983+00:00
1.0,STARTUP,Y Combinator,https://www.ycombinator.com/companies/klaimee,Klaimee,,2026-08-28T06:27:01.887983+00:00
1.0,STARTUP,Y Combinator,https://www.ycombinator.com/companies/flowscope,Flowscope,,2026-08-28T06:27:01.887983+00:00
1.0,STARTUP,Y Combinator,https://www.ycombinator.com/companies/trident,Trident,,2026-08-28T06:27:01.887983+00:00
1.0,STARTUP,Y Combinator,https://www.ycombinator.com/companies/gigacatalyst,Gigacatalyst,,2026-08-28T06:27:01.887983+00:00
1.0,STARTUP,Y Combinator,https://www.ycombinator.com/companies/arlo-industries,Arlo Industries,,2026-08-28T06:27:01.887983+00:00
1.0,STARTUP,Y Combinator,https://www.ycombinator.com/companies/astraea,Astraea,,2026-08-28T06:27:01.887983+00:00
1.0,STARTUP,Y Combinator,https://www.ycombinator.com/companies/lattice-health,Lattice Health,,2026-08-28T06:27:01.887983+00:00
1.0,STARTUP,Y Combinator,https://www.ycombinator.com/companies/atlas-discovery,Atlas Discovery,,2026-08-28T06:27:01.887983+00:00
1.0,STARTUP,Y Combinator,https://www.ycombinator.com/companies/manicule,Manicule,,2026-08-28T06:27:01.887983+00:00
1.0,STARTUP,Y Combinator,https://www.ycombinator.com/companies/avea-robotics,Avea Robotics,,2026-08-28T06:27:01.887983+00:00
1.0,STARTUP,Y Combinator,https://www.ycombinator.com/companies/mochatrade,Mochatrade,,2026-08-28T06:27:01.887983+00:00
1.0,STARTUP,Y Combinator,https://www.ycombinator.com/companies/asendia-ai,Asendia Ai,,2026-08-28T06:27:01.887983+00:00
1.0,STARTUP,Y Combinator,https://www.ycombinator.com/companies/revnu,Revnu,,2026-08-28T06:27:01.887983+00:00
1.0,STARTUP,Y Combinator,https://www.ycombinator.com/companies/uno-wallet,Uno Wallet,,2026-08-28T06:27:01.887983+00:00
1.0,STARTUP,Y Combinator,https://www.ycombinator.com/companies/arden,Arden,,2026-08-28T06:27:01.887983+00:00
1.0,STARTUP,Y Combinator,https://www.ycombinator.com/companies/agentphone,Agentphone,,2026-08-28T06:27:01.887983+00:00
1.0,STARTUP,Y Combinator,https://www.ycombinator.com/companies/gravy,Gravy,,2026-08-28T06:27:01.887983+00:00
1.0,STARTUP,Y Combinator,https://www.ycombinator.com/companies/kinect,Kinect,,2026-08-28T06:27:01.887983+00:00
1.0,STARTUP,Y Combinator,https://www.ycombinator.com/companies/runtime,Runtime,,2026-08-28T06:27:01.887983+00:00
1.0,STARTUP,Y Combinator,https://www.ycombinator.com/companies/youart,Youart,,2026-08-28T06:27:01.887983+00:00
1.0,STARTUP,Y Combinator,https://www.ycombinator.com/companies/expanse,Expanse,,2026-08-28T06:27:01.887983+00:00
1.0,STARTUP,Y Combinator,https://www.ycombinator.com/companies/characterquilt,Characterquilt,,2026-08-28T06:27:01.887983+00:00
1.0,STARTUP,Y Combinator,https://www.ycombinator.com/companies/pentagon,Pentagon,,2026-08-28T06:27:01.887983+00:00
1.0,STARTUP,Y Combinator,https://www.ycombinator.com/companies/arzana,Arzana,,2026-08-28T06:27:01.887983+00:00
1.0,STARTUP,Y Combinator,https://www.ycombinator.com/companies/auxos,Auxos,,2026-08-28T06:27:01.887983+00:00
1.0,STARTUP,Y Combinator,https://www.ycombinator.com/companies/projectx,Projectx,,2026-08-28T06:27:01.887983+00:00
1.0,STARTUP,Y Combinator,https://www.ycombinator.com/companies/tolmo,Tolmo,,2026-08-28T06:27:01.887983+00:00
1.0,STARTUP,Y Combinator,https://www.ycombinator.com/companies/openwork,Openwork,,2026-08-28T06:27:01.887983+00:00
1.0,STARTUP,Y Combinator,https://www.ycombinator.com/companies/apollo-atomics-inc,Apollo Atomics Inc,,2026-08-28T06:27:01.887983+00:00
1.0,STARTUP,Y Combinator,https://www.ycombinator.com/companies/general-aviation,General Aviation,,2026-08-28T06:27:01.887983+00:00
1.0,STARTUP,Y Combinator,https://www.ycombinator.com/companies/openprose,Openprose,,2026-08-28T06:27:01.887983+00:00
1.0,STARTUP,Y Combinator,https://www.ycombinator.com/companies/asterlab,Asterlab,,2026-08-28T06:27:01.887983+00:00
1.0,STARTUP,Y Combinator,https://www.ycombinator.com/companies/amboras,Amboras,,2026-08-28T06:27:01.887983+00:00
1.0,STARTUP,Y Combinator,https://www.ycombinator.com/companies/hessian,Hessian,,2026-08-28T06:27:01.887983+00:00
1.0,STARTUP,Y Combinator,https://www.ycombinator.com/companies/mentlio,Mentlio,,2026-08-28T06:27:01.887983+00:00
1.0,STARTUP,Y Combinator,https://www.ycombinator.com/companies/raspire,Raspire,,2026-08-28T06:27:01.887983+00:00
1.0,STARTUP,Y Combinator,https://www.ycombinator.com/companies/plena-health,Plena Health,,2026-08-28T06:27:01.887983+00:00
1.0,STARTUP,Y Combinator,https://www.ycombinator.com/companies/testerarmy,Testerarmy,,2026-08-28T06:27:01.887983+00:00
1.0,STARTUP,Y Combinator,https://www.ycombinator.com/companies/eden-robotics,Eden Robotics,,2026-08-28T06:27:01.887983+00:00
1.0,STARTUP,Y Combinator,https://www.ycombinator.com/companies/foaster,Foaster,,2026-08-28T06:27:01.887983+00:00
1.0,STARTUP,Y Combinator,https://www.ycombinator.com/companies/aquashield,Aquashield,,2026-08-28T06:27:01.887983+00:00
1.0,STARTUP,Y Combinator,https://www.ycombinator.com/companies/ornadyne,Ornadyne,,2026-08-28T06:27:01.887983+00:00
1.0,STARTUP,Y Combinator,https://www.ycombinator.com/companies/anoria,Anoria,,2026-08-28T06:27:01.887983+00:00
1.0,STARTUP,Y Combinator,https://www.ycombinator.com/companies/abinitio-bio,Abinitio Bio,,2026-08-28T06:27:01.887983+00:00
1.0,STARTUP,Y Combinator,https://www.ycombinator.com/companies/memory-store,Memory Store,,2026-08-28T06:27:01.887983+00:00
1.0,STARTUP,Y Combinator,https://www.ycombinator.com/companies/saudara-ai,Saudara Ai,,2026-08-28T06:27:01.887983+00:00
1.0,STARTUP,Y Combinator,https://www.ycombinator.com/companies/pops,Pops,,2026-08-28T06:27:01.887983+00:00
1.0,STARTUP,Y Combinator,https://www.ycombinator.com/companies/silmaril,Silmaril,,2026-08-28T06:27:01.887983+00:00
1.0,STARTUP,Y Combinator,https://www.ycombinator.com/companies/biostack-platforms,Biostack Platforms,,2026-08-28T06:27:01.887983+00:00
1.0,STARTUP,Y Combinator,https://www.ycombinator.com/companies/ardent,Ardent,,2026-08-28T06:27:01.887983+00:00
1.0,STARTUP,Y Combinator,https://www.ycombinator.com/companies/kuli,Kuli,,2026-08-28T06:27:01.887983+00:00
1.0,STARTUP,Y Combinator,https://www.ycombinator.com/companies/wato,Wato,,2026-08-28T06:27:01.887983+00:00
1.0,STARTUP,Y Combinator,https://www.ycombinator.com/companies/tasklet-2,Tasklet 2,,2026-08-28T06:27:01.887983+00:00
1.0,STARTUP,Y Combinator,https://www.ycombinator.com/companies/chronicle-labs,Chronicle Labs,,2026-08-28T06:27:01.887983+00:00
1.0,STARTUP,Y Combinator,https://www.ycombinator.com/companies/walter,Walter,,2026-08-28T06:27:01.887983+00:00
1.0,STARTUP,Y Combinator,https://www.ycombinator.com/companies/aseon-labs,Aseon Labs,,2026-08-28T06:27:01.887983+00:00
1.0,STARTUP,Y Combinator,https://www.ycombinator.com/companies/soria,Soria,,2026-08-28T06:27:01.887983+00:00
1.0,STARTUP,Y Combinator,https://www.ycombinator.com/companies/armature,Armature,,2026-08-28T06:27:01.887983+00:00
1.0,STARTUP,Y Combinator,https://www.ycombinator.com/companies/collar,Collar,,2026-08-28T06:27:01.887983+00:00
1.0,STARTUP,Y Combinator,https://www.ycombinator.com/companies/plan0-ai,Plan0 Ai,,2026-08-28T06:27:01.887983+00:00
1.0,STARTUP,Y Combinator,https://www.ycombinator.com/companies/zibra-labs,Zibra Labs,,2026-08-28T06:27:01.887983+00:00
1.0,STARTUP,Y Combinator,https://www.ycombinator.com/companies/ara,Ara,,2026-08-28T06:27:01.887983+00:00
1.0,STARTUP,Y Combinator,https://www.ycombinator.com/companies/valctrl,Valctrl,,2026-08-28T06:27:01.887983+00:00
1.0,STARTUP,Y Combinator,https://www.ycombinator.com/companies/general-instinct,General Instinct,,2026-08-28T06:27:01.887983+00:00
1.0,STARTUP,Y Combinator,https://www.ycombinator.com/companies/tdaycom,Tdaycom,,2026-08-28T06:27:01.887983+00:00
1.0,STARTUP,Y Combinator,https://www.ycombinator.com/companies/ed1th,Ed1Th,,2026-08-28T06:27:01.887983+00:00
1.0,STARTUP,Y Combinator,https://www.ycombinator.com/companies/minicor,Minicor,,2026-08-28T06:27:01.887983+00:00
1.0,STARTUP,Y Combinator,https://www.ycombinator.com/companies/degla-inc,Degla Inc,,2026-08-28T06:27:01.887983+00:00
1.0,STARTUP,Y Combinator,https://www.ycombinator.com/companies/archer,Archer,,2026-08-28T06:27:01.887983+00:00
1.0,STARTUP,Y Combinator,https://www.ycombinator.com/companies/river-markets,River Markets,,2026-08-28T06:27:01.887983+00:00
1.0,STARTUP,Y Combinator,https://www.ycombinator.com/companies/smol-machines,Smol Machines,,2026-08-28T06:27:01.887983+00:00
1.0,STARTUP,Y Combinator,https://www.ycombinator.com/companies/allowance,Allowance,,2026-08-28T06:27:01.887983+00:00
1.0,STARTUP,Y Combinator,https://www.ycombinator.com/companies/runharbor,Runharbor,,2026-08-28T06:27:01.887983+00:00
1.0,STARTUP,Y Combinator,https://www.ycombinator.com/companies/alchemize,Alchemize,,2026-08-28T06:27:01.887983+00:00
1.0,STARTUP,Y Combinator,https://www.ycombinator.com/companies/complir,Complir,,2026-08-28T06:27:01.887983+00:00
1.0,STARTUP,Y Combinator,https://www.ycombinator.com/companies/aice,Aice,,2026-08-28T06:27:01.887983+00:00
1.0,STARTUP,Y Combinator,https://www.ycombinator.com/companies/infera,Infera,,2026-08-28T06:27:01.887983+00:00
1.0,STARTUP,Y Combinator,https://www.ycombinator.com/companies/mount,Mount,,2026-08-28T06:27:01.887983+00:00
1.0,STARTUP,Y Combinator,https://www.ycombinator.com/companies/useparrot,Useparrot,,2026-08-28T06:27:01.887983+00:00
1.0,STARTUP,Y Combinator,https://www.ycombinator.com/companies/result,Result,,2026-08-28T06:27:01.887983+00:00
1.0,STARTUP,Y Combinator,https://www.ycombinator.com/companies/textsidekick,Textsidekick,,2026-08-28T06:27:01.887983+00:00
1.0,STARTUP,Y Combinator,https://www.ycombinator.com/companies/prototypingio,Prototypingio,,2026-08-28T06:27:01.887983+00:00
1.0,STARTUP,Y Combinator,https://www.ycombinator.com/companies/lumius,Lumius,,2026-08-28T06:27:01.887983+00:00
1.0,STARTUP,Y Combinator,https://www.ycombinator.com/companies/adialante,Adialante,,2026-08-28T06:27:01.887983+00:00
1.0,STARTUP,Y Combinator,https://www.ycombinator.com/companies/savant,Savant,,2026-08-28T06:27:01.887983+00:00
1.0,STARTUP,Y Combinator,https://www.ycombinator.com/companies/keyframe-labs,Keyframe Labs,,2026-08-28T06:27:01.887983+00:00
1.0,STARTUP,Y Combinator,https://www.ycombinator.com/companies/voquill,Voquill,,2026-08-28T06:27:01.887983+00:00
1.0,STARTUP,Y Combinator,https://www.ycombinator.com/companies/oddpool,Oddpool,,2026-08-28T06:27:01.887983+00:00
1.0,STARTUP,Y Combinator,https://www.ycombinator.com/companies/ontora,Ontora,,2026-08-28T06:27:01.887983+00:00
1.0,STARTUP,Y Combinator,https://www.ycombinator.com/companies/napkin-math,Napkin Math,,2026-08-28T06:27:01.887983+00:00
1.0,STARTUP,Y Combinator,https://www.ycombinator.com/companies/gojiberry-ai,Gojiberry Ai,,2026-08-28T06:27:01.887983+00:00
1.0,STARTUP,Y Combinator,https://www.ycombinator.com/companies/wondertx,Wondertx,,2026-08-28T06:27:01.887983+00:00
1.0,STARTUP,Y Combinator,https://www.ycombinator.com/companies/lab0,Lab0,,2026-08-28T06:27:01.887983+00:00
1.0,STARTUP,Y Combinator,https://www.ycombinator.com/companies/bentolabs-ai,Bentolabs Ai,,2026-08-28T06:27:01.887983+00:00
1.0,STARTUP,Y Combinator,https://www.ycombinator.com/companies/lamina-labs,Lamina Labs,,2026-08-28T06:27:01.887983+00:00
1.0,STARTUP,Y Combinator,https://www.ycombinator.com/companies/kimpton-ai,Kimpton Ai,,2026-08-28T06:27:01.887983+00:00
1.0,STARTUP,Y Combinator,https://www.ycombinator.com/companies/stablebrowse,Stablebrowse,,2026-08-28T06:27:01.887983+00:00
1.0,STARTUP,Y Combinator,https://www.ycombinator.com/companies/taiga,Taiga,,2026-08-28T06:27:01.887983+00:00
1.0,STARTUP,Y Combinator,https://www.ycombinator.com/companies/pairio,Pairio,,2026-08-28T06:27:01.887983+00:00
1.0,STARTUP,Y Combinator,https://www.ycombinator.com/companies/callab-ai,Callab Ai,,2026-08-28T06:27:01.887983+00:00
1.0,STARTUP,Y Combinator,https://www.ycombinator.com/companies/synphony,Synphony,,2026-08-28T06:27:01.887983+00:00
1.0,STARTUP,Y Combinator,https://www.ycombinator.com/companies/dreach,Dreach,,2026-08-28T06:27:01.887983+00:00
1.0,STARTUP,Y Combinator,https://www.ycombinator.com/companies/arga-labs,Arga Labs,,2026-08-28T06:27:01.887983+00:00
1.0,STARTUP,Y Combinator,https://www.ycombinator.com/companies/andco,Andco,,2026-08-28T06:27:01.887983+00:00
1.0,STARTUP,Y Combinator,https://www.ycombinator.com/companies/rentahuman,Rentahuman,,2026-08-28T06:27:01.887983+00:00
1.0,STARTUP,Y Combinator,https://www.ycombinator.com/companies/instaagent,Instaagent,,2026-08-28T06:27:01.887983+00:00
1.0,STARTUP,Y Combinator,https://www.ycombinator.com/companies/salesgraph,Salesgraph,,2026-08-28T06:27:01.887983+00:00
1.0,STARTUP,Y Combinator,https://www.ycombinator.com/companies/sherpa,Sherpa,,2026-08-28T06:27:01.887983+00:00
1.0,STARTUP,Y Combinator,https://www.ycombinator.com/companies/userlens,Userlens,,2026-08-28T06:27:01.887983+00:00
1.0,STARTUP,Y Combinator,https://www.ycombinator.com/companies/transload,Transload,,2026-08-28T06:27:01.887983+00:00
1.0,STARTUP,Y Combinator,https://www.ycombinator.com/companies/standout,Standout,,2026-08-28T06:27:01.887983+00:00
1.0,STARTUP,Y Combinator,https://www.ycombinator.com/companies/shotwellai,Shotwellai,,2026-08-28T06:27:01.887983+00:00
1.0,STARTUP,Y Combinator,https://www.ycombinator.com/companies/madrone,Madrone,,2026-08-28T06:27:01.887983+00:00
1.0,STARTUP,Y Combinator,https://www.ycombinator.com/companies/pavoot,Pavoot,,2026-08-28T06:27:01.887983+00:00
1.0,STARTUP,Y Combinator,https://www.ycombinator.com/companies/qomplement,Qomplement,,2026-08-28T06:27:01.887983+00:00
1.0,STARTUP,Y Combinator,https://www.ycombinator.com/companies/deep-interactions,Deep Interactions,,2026-08-28T06:27:01.887983+00:00
1.0,STARTUP,Y Combinator,https://www.ycombinator.com/companies/kelai,Kelai,,2026-08-28T06:27:01.887983+00:00
1.0,STARTUP,Y Combinator,https://www.ycombinator.com/companies/hevn-inc,Hevn Inc,,2026-08-28T06:27:01.887983+00:00
1.0,STARTUP,Y Combinator,https://www.ycombinator.com/companies/wealor,Wealor,,2026-08-28T06:27:01.887983+00:00
1.0,STARTUP,Y Combinator,https://www.ycombinator.com/companies/elyra,Elyra,,2026-08-28T06:27:01.887983+00:00
1.0,STARTUP,Y Combinator,https://www.ycombinator.com/companies/interfaze,Interfaze,,2026-08-28T06:27:01.887983+00:00
1.0,STARTUP,Y Combinator,https://www.ycombinator.com/companies/zolvo,Zolvo,,2026-08-28T06:27:01.887983+00:00
1.0,STARTUP,Y Combinator,https://www.ycombinator.com/companies/juno-chat,Juno Chat,,2026-08-28T06:27:01.887983+00:00
1.0,STARTUP,Y Combinator,https://www.ycombinator.com/companies/kinro,Kinro,,2026-08-28T06:27:01.887983+00:00
1.0,STARTUP,Y Combinator,https://www.ycombinator.com/companies/govguard,Govguard,,2026-08-28T06:27:01.887983+00:00
1.0,STARTUP,Y Combinator,https://www.ycombinator.com/companies/superlog,Superlog,,2026-08-28T06:27:01.887983+00:00
1.0,STARTUP,Y Combinator,https://www.ycombinator.com/companies/godhands,Godhands,,2026-08-28T06:27:01.887983+00:00
1.0,STARTUP,Y Combinator,https://www.ycombinator.com/companies/limrun,Limrun,,2026-08-28T06:27:01.887983+00:00
1.0,STARTUP,Y Combinator,https://www.ycombinator.com/companies/light-anchor,Light Anchor,,2026-08-28T06:27:01.887983+00:00
1.0,STARTUP,Y Combinator,https://www.ycombinator.com/companies/hub,Hub,,2026-08-28T06:27:01.887983+00:00
1.0,STARTUP,Y Combinator,https://www.ycombinator.com/companies/tenet-industries,Tenet Industries,,2026-08-28T06:27:01.887983+00:00
1.0,STARTUP,Y Combinator,https://www.ycombinator.com/companies/atrisa,Atrisa,,2026-08-28T06:27:01.887983+00:00
1.0,STARTUP,Y Combinator,https://www.ycombinator.com/companies/trellistech,Trellistech,,2026-08-28T06:27:01.887983+00:00
1.0,STARTUP,Y Combinator,https://www.ycombinator.com/companies/the-company-company,The Company Company,,2026-08-28T06:27:01.887983+00:00
1.0,STARTUP,Y Combinator,https://www.ycombinator.com/companies/dayjob,Dayjob,,2026-08-28T06:27:01.887983+00:00
1.0,STARTUP,Y Combinator,https://www.ycombinator.com/companies/inloop-robotics,Inloop Robotics,,2026-08-28T06:27:01.887983+00:00
1.0,STARTUP,Y Combinator,https://www.ycombinator.com/companies/zenbu-2,Zenbu 2,,2026-08-28T06:27:01.887983+00:00
1.0,STARTUP,Y Combinator,https://www.ycombinator.com/companies/nine-fives,Nine Fives,,2026-08-28T06:27:01.887983+00:00
1.0,STARTUP,Y Combinator,https://www.ycombinator.com/companies/incandor,Incandor,,2026-08-28T06:27:01.887983+00:00
1.0,STARTUP,Y Combinator,https://www.ycombinator.com/companies/chert,Chert,,2026-08-28T06:27:01.887983+00:00
1.0,STARTUP,Y Combinator,https://www.ycombinator.com/companies/saffron,Saffron,,2026-08-28T06:27:01.887983+00:00
1.0,STARTUP,Y Combinator,https://www.ycombinator.com/companies/discovered-materials,Discovered Materials,,2026-08-28T06:27:01.887983+00:00
1.0,STARTUP,Y Combinator,https://www.ycombinator.com/companies/lightsprint,Lightsprint,,2026-08-28T06:27:01.887983+00:00
1.0,STARTUP,Y Combinator,https://www.ycombinator.com/companies/twolabs,Twolabs,,2026-08-28T06:27:01.887983+00:00
1.0,STARTUP,Y Combinator,https://www.ycombinator.com/companies/marker,Marker,,2026-08-28T06:27:01.887983+00:00
1.0,STARTUP,Y Combinator,https://www.ycombinator.com/companies/scope,Scope,,2026-08-28T06:27:01.887983+00:00
1.0,STARTUP,Y Combinator,https://www.ycombinator.com/companies/hexa,Hexa,,2026-08-28T06:27:01.887983+00:00
1.0,STARTUP,Y Combinator,https://www.ycombinator.com/companies/palette-2,Palette 2,,2026-08-28T06:27:01.887983+00:00
1.0,STARTUP,Y Combinator,https://www.ycombinator.com/companies/rudus,Rudus,,2026-08-28T06:27:01.887983+00:00
1.0,STARTUP,Y Combinator,https://www.ycombinator.com/companies/replicas,Replicas,,2026-08-28T06:27:01.887983+00:00
1.0,STARTUP,Y Combinator,https://www.ycombinator.com/companies/totalis,Totalis,,2026-08-28T06:27:01.887983+00:00
1.0,STARTUP,Y Combinator,https://www.ycombinator.com/companies/multiplier,Multiplier,,2026-08-28T06:27:01.887983+00:00
1.0,STARTUP,Y Combinator,https://www.ycombinator.com/companies/osmaura,Osmaura,,2026-08-28T06:27:01.887983+00:00
1.0,STARTUP,Y Combinator,https://www.ycombinator.com/companies/most-robotic,Most Robotic,,2026-08-28T06:27:01.887983+00:00
1.0,STARTUP,Y Combinator,https://www.ycombinator.com/companies/illume-labs,Illume Labs,,2026-08-28T06:27:01.887983+00:00
1.0,STARTUP,Y Combinator,https://www.ycombinator.com/companies/memoir,Memoir,,2026-08-28T06:27:01.887983+00:00
1.0,STARTUP,Y Combinator,https://www.ycombinator.com/companies/perfectbit-inc,Perfectbit Inc,,2026-08-28T06:27:01.887983+00:00
1.0,STARTUP,Y Combinator,https://www.ycombinator.com/companies/stage,Stage,,2026-08-28T06:27:01.887983+00:00
1.0,STARTUP,Y Combinator,https://www.ycombinator.com/companies/standard-signal,Standard Signal,,2026-08-28T06:27:01.887983+00:00
1.0,STARTUP,Y Combinator,https://www.ycombinator.com/companies/primitive,Primitive,,2026-08-28T06:27:01.887983+00:00
1.0,STARTUP,Y Combinator,https://www.ycombinator.com/companies/korso,Korso,,2026-08-28T06:27:01.887983+00:00
1.0,STARTUP,Y Combinator,https://www.ycombinator.com/companies/klarify,Klarify,,2026-08-28T06:27:01.887983+00:00
1.0,STARTUP,Y Combinator,https://www.ycombinator.com/companies/surtr-defense-systems,Surtr Defense Systems,,2026-08-28T06:27:01.887983+00:00
1.0,STARTUP,Y Combinator,https://www.ycombinator.com/companies/hedge,Hedge,,2026-08-28T06:27:01.887983+00:00
1.0,STARTUP,Y Combinator,https://www.ycombinator.com/companies/trycardinal-ai,Trycardinal Ai,,2026-08-28T06:27:01.887983+00:00
1.0,STARTUP,Y Combinator,https://www.ycombinator.com/companies/wideframe,Wideframe,,2026-08-28T06:27:01.887983+00:00
1.0,STARTUP,Y Combinator,https://www.ycombinator.com/companies/martini,Martini,,2026-08-28T06:27:01.887983+00:00
1.0,STARTUP,Y Combinator,https://www.ycombinator.com/companies/litmus-hiring,Litmus Hiring,,2026-08-28T06:27:01.887983+00:00
1.0,STARTUP,Y Combinator,https://www.ycombinator.com/companies/condor-energy,Condor Energy,,2026-08-28T06:27:01.887983+00:00
1.0,STARTUP,Y Combinator,https://www.ycombinator.com/companies/remix-3,Remix 3,,2026-08-28T06:27:01.887983+00:00
1.0,STARTUP,Y Combinator,https://www.ycombinator.com/companies/openvector,Openvector,,2026-08-28T06:27:01.887983+00:00
1.0,STARTUP,Y Combinator,https://www.ycombinator.com/companies/shofo,Shofo,,2026-08-28T06:27:01.887983+00:00
1.0,STARTUP,Y Combinator,https://www.ycombinator.com/companies/wayco,Wayco,,2026-08-28T06:27:01.887983+00:00
1.0,STARTUP,Y Combinator,https://www.ycombinator.com/companies/applied-electrodynamics-inc,Applied Electrodynamics Inc,,2026-08-28T06:27:01.887983+00:00
1.0,STARTUP,Y Combinator,https://www.ycombinator.com/companies/unifold,Unifold,,2026-08-28T06:27:01.887983+00:00
1.0,STARTUP,Y Combinator,https://www.ycombinator.com/companies/carrot-labs,Carrot Labs,,2026-08-28T06:27:01.887983+00:00
1.0,STARTUP,Y Combinator,https://www.ycombinator.com/companies/dispatch,Dispatch,,2026-08-28T06:27:01.887983+00:00
1.0,STARTUP,Y Combinator,https://www.ycombinator.com/companies/trybloom,Trybloom,,2026-08-28T06:27:01.887983+00:00
1.0,STARTUP,Y Combinator,https://www.ycombinator.com/companies/aurorin-cad,Aurorin Cad,,2026-08-28T06:27:01.887983+00:00
1.0,STARTUP,Y Combinator,https://www.ycombinator.com/companies/fixture,Fixture,,2026-08-28T06:27:01.887983+00:00
1.0,STARTUP,Y Combinator,https://www.ycombinator.com/companies/daivin,Daivin,,2026-08-28T06:27:01.887983+00:00
1.0,STARTUP,Y Combinator,https://www.ycombinator.com/companies/brumby,Brumby,,2026-08-28T06:27:01.887983+00:00
1.0,STARTUP,Y Combinator,https://www.ycombinator.com/companies/origami-robotics,Origami Robotics,,2026-08-28T06:27:01.887983+00:00
1.0,STARTUP,Y Combinator,https://www.ycombinator.com/companies/ossus,Ossus,,2026-08-28T06:27:01.887983+00:00
1.0,STARTUP,Y Combinator,https://www.ycombinator.com/companies/rubric-ai,Rubric Ai,,2026-08-28T06:27:01.887983+00:00
1.0,STARTUP,Y Combinator,https://www.ycombinator.com/companies/regbase,Regbase,,2026-08-28T06:27:01.887983+00:00
1.0,STARTUP,Y Combinator,https://www.ycombinator.com/companies/zymbly,Zymbly,,2026-08-28T06:27:01.887983+00:00
1.0,STARTUP,Y Combinator,https://www.ycombinator.com/companies/dipole-labs,Dipole Labs,,2026-08-28T06:27:01.887983+00:00
1.0,STARTUP,Y Combinator,https://www.ycombinator.com/companies/ritivel,Ritivel,,2026-08-28T06:27:01.887983+00:00
1.0,STARTUP,Y Combinator,https://www.ycombinator.com/companies/polymorph,Polymorph,,2026-08-28T06:27:01.887983+00:00
1.0,STARTUP,Y Combinator,https://www.ycombinator.com/companies/khotan,Khotan,,2026-08-28T06:27:01.887983+00:00
1.0,STARTUP,Y Combinator,https://www.ycombinator.com/companies/spotpay,Spotpay,,2026-08-28T06:27:01.887983+00:00
1.0,STARTUP,Y Combinator,https://www.ycombinator.com/companies/poth-labs,Poth Labs,,2026-08-28T06:27:01.887983+00:00
1.0,STARTUP,Y Combinator,https://www.ycombinator.com/companies/voygr,Voygr,,2026-08-28T06:27:01.887983+00:00
1.0,STARTUP,Y Combinator,https://www.ycombinator.com/companies/mochacare,Mochacare,,2026-08-28T06:27:01.887983+00:00
1.0,STARTUP,Y Combinator,https://www.ycombinator.com/companies/cova,Cova,,2026-08-28T06:27:01.887983+00:00
1.0,STARTUP,Y Combinator,https://www.ycombinator.com/companies/vela,Vela,,2026-08-28T06:27:01.887983+00:00
1.0,STARTUP,Y Combinator,https://www.ycombinator.com/companies/veriad,Veriad,,2026-08-28T06:27:01.887983+00:00
1.0,STARTUP,Y Combinator,https://www.ycombinator.com/companies/talking-computers,Talking Computers,,2026-08-28T06:27:01.887983+00:00
1.0,STARTUP,Y Combinator,https://www.ycombinator.com/companies/control-seat,Control Seat,,2026-08-28T06:27:01.887983+00:00
1.0,STARTUP,Y Combinator,https://www.ycombinator.com/companies/copperlane,Copperlane,,2026-08-28T06:27:01.887983+00:00
1.0,STARTUP,Y Combinator,https://www.ycombinator.com/companies/tsenta,Tsenta,,2026-08-28T06:27:01.887983+00:00
1.0,STARTUP,Y Combinator,https://www.ycombinator.com/companies/dream,Dream,,2026-08-28T06:27:01.887983+00:00
1.0,STARTUP,Y Combinator,https://www.ycombinator.com/companies/atlia,Atlia,,2026-08-28T06:27:01.887983+00:00
1.0,STARTUP,Y Combinator,https://www.ycombinator.com/companies/canary,Canary,,2026-08-28T06:27:01.887983+00:00
1.0,STARTUP,Y Combinator,https://www.ycombinator.com/companies/grade,Grade,,2026-08-28T06:27:01.887983+00:00
1.0,STARTUP,Y Combinator,https://www.ycombinator.com/companies/sila,Sila,,2026-08-28T06:27:01.887983+00:00
1.0,STARTUP,Y Combinator,https://www.ycombinator.com/companies/maven,Maven,,2026-08-28T06:27:01.887983+00:00
1.0,STARTUP,Y Combinator,https://www.ycombinator.com/companies/moda,Moda,,2026-08-28T06:27:01.887983+00:00
1.0,STARTUP,Y Combinator,https://www.ycombinator.com/companies/the-token-company,The Token Company,,2026-08-28T06:27:01.887983+00:00
1.0,STARTUP,Y Combinator,https://www.ycombinator.com/companies/meteoric,Meteoric,,2026-08-28T06:27:01.887983+00:00
1.0,STARTUP,Y Combinator,https://www.ycombinator.com/companies/beesafe-ai,Beesafe Ai,,2026-08-28T06:27:01.887983+00:00
1.0,STARTUP,Y Combinator,https://www.ycombinator.com/companies/fed10,Fed10,,2026-08-28T06:27:01.887983+00:00
1.0,STARTUP,Y Combinator,https://www.ycombinator.com/companies/inth,Inth,,2026-08-28T06:27:01.887983+00:00
1.0,STARTUP,Y Combinator,https://www.ycombinator.com/companies/squid,Squid,,2026-08-28T06:27:01.887983+00:00
1.0,STARTUP,Y Combinator,https://www.ycombinator.com/companies/turnstone,Turnstone,,2026-08-28T06:27:01.887983+00:00
1.0,STARTUP,Y Combinator,https://www.ycombinator.com/companies/foreman,Foreman,,2026-08-28T06:27:01.887983+00:00
1.0,STARTUP,Y Combinator,https://www.ycombinator.com/companies/booko,Booko,,2026-08-28T06:27:01.887983+00:00
1.0,STARTUP,Y Combinator,https://www.ycombinator.com/companies/corelayer,Corelayer,,2026-08-28T06:27:01.887983+00:00
1.0,STARTUP,Y Combinator,https://www.ycombinator.com/companies/general-legal,General Legal,,2026-08-28T06:27:01.887983+00:00
1.0,STARTUP,Y Combinator,https://www.ycombinator.com/companies/fort,Fort,,2026-08-28T06:27:01.887983+00:00
1.0,STARTUP,Y Combinator,https://www.ycombinator.com/companies/getbalance,Getbalance,,2026-08-28T06:27:01.887983+00:00
1.0,STARTUP,Y Combinator,https://www.ycombinator.com/companies/ekpa,Ekpa,,2026-08-28T06:27:01.887983+00:00
1.0,STARTUP,Y Combinator,https://www.ycombinator.com/companies/chasi,Chasi,,2026-08-28T06:27:01.887983+00:00
1.0,STARTUP,Y Combinator,https://www.ycombinator.com/companies/remy-ai,Remy Ai,,2026-08-28T06:27:01.887983+00:00
1.0,STARTUP,Y Combinator,https://www.ycombinator.com/companies/anchorhead,Anchorhead,,2026-08-28T06:27:01.887983+00:00
1.0,STARTUP,Y Combinator,https://www.ycombinator.com/companies/o11,O11,,2026-08-28T06:27:01.887983+00:00
1.0,STARTUP,Y Combinator,https://www.ycombinator.com/companies/doomersion,Doomersion,,2026-08-28T06:27:01.887983+00:00
1.0,STARTUP,Y Combinator,https://www.ycombinator.com/companies/sequence-markets,Sequence Markets,,2026-08-28T06:27:01.887983+00:00
1.0,STARTUP,Y Combinator,https://www.ycombinator.com/companies/libra-robotics,Libra Robotics,,2026-08-28T06:27:01.887983+00:00
1.0,STARTUP,Y Combinator,https://www.ycombinator.com/companies/ditto-biosciences,Ditto Biosciences,,2026-08-28T06:27:01.887983+00:00
1.0,STARTUP,Y Combinator,https://www.ycombinator.com/companies/servo7,Servo7,,2026-08-28T06:27:01.887983+00:00
1.0,STARTUP,Y Combinator,https://www.ycombinator.com/companies/datoric,Datoric,,2026-08-28T06:27:01.887983+00:00
1.0,STARTUP,Y Combinator,https://www.ycombinator.com/companies/superset,Superset,,2026-08-28T06:27:01.887983+00:00
1.0,STARTUP,Y Combinator,https://www.ycombinator.com/companies/netter,Netter,,2026-08-28T06:27:01.887983+00:00
1.0,STARTUP,Y Combinator,https://www.ycombinator.com/companies/voxel-energy,Voxel Energy,,2026-08-28T06:27:01.887983+00:00
1.0,STARTUP,Y Combinator,https://www.ycombinator.com/companies/polymath,Polymath,,2026-08-28T06:27:01.887983+00:00
1.0,STARTUP,Y Combinator,https://www.ycombinator.com/companies/archal,Archal,,2026-08-28T06:27:01.887983+00:00
1.0,STARTUP,Y Combinator,https://www.ycombinator.com/companies/bubble-lab,Bubble Lab,,2026-08-28T06:27:01.887983+00:00
1.0,STARTUP,Y Combinator,https://www.ycombinator.com/companies/pocket,Pocket,,2026-08-28T06:27:01.887983+00:00
1.0,STARTUP,Y Combinator,https://www.ycombinator.com/companies/byteport,Byteport,,2026-08-28T06:27:01.887983+00:00
1.0,STARTUP,Y Combinator,https://www.ycombinator.com/companies/constellation-space,Constellation Space,,2026-08-28T06:27:01.887983+00:00
1.0,STARTUP,Y Combinator,https://www.ycombinator.com/companies/sazabi,Sazabi,,2026-08-28T06:27:01.887983+00:00
1.0,STARTUP,Y Combinator,https://www.ycombinator.com/companies/axionorbital-space,Axionorbital Space,,2026-08-28T06:27:01.887983+00:00
1.0,STARTUP,Y Combinator,https://www.ycombinator.com/companies/oximy,Oximy,,2026-08-28T06:27:01.887983+00:00
1.0,STARTUP,Y Combinator,https://www.ycombinator.com/companies/caretta,Caretta,,2026-08-28T06:27:01.887983+00:00
1.0,STARTUP,Y Combinator,https://www.ycombinator.com/companies/samora-ai,Samora Ai,,2026-08-28T06:27:01.887983+00:00
1.0,STARTUP,Y Combinator,https://www.ycombinator.com/companies/human-archive,Human Archive,,2026-08-28T06:27:01.887983+00:00
1.0,STARTUP,Y Combinator,https://www.ycombinator.com/companies/forum,Forum,,2026-08-28T06:27:01.887983+00:00
1.0,STARTUP,Y Combinator,https://www.ycombinator.com/companies/sitefire,Sitefire,,2026-08-28T06:27:01.887983+00:00
1.0,STARTUP,Y Combinator,https://www.ycombinator.com/companies/robby,Robby,,2026-08-28T06:27:01.887983+00:00
1.0,STARTUP,Y Combinator,https://www.ycombinator.com/companies/ressl-ai,Ressl Ai,,2026-08-28T06:27:01.887983+00:00
1.0,STARTUP,Y Combinator,https://www.ycombinator.com/companies/emdash,Emdash,,2026-08-28T06:27:01.887983+00:00
1.0,STARTUP,Y Combinator,https://www.ycombinator.com/companies/inventoryquant,Inventoryquant,,2026-08-28T06:27:01.887983+00:00
1.0,STARTUP,Y Combinator,https://www.ycombinator.com/companies/congruent,Congruent,,2026-08-28T06:27:01.887983+00:00
1.0,STARTUP,Y Combinator,https://www.ycombinator.com/companies/usereframe,Usereframe,,2026-08-28T06:27:01.887983+00:00
1.0,STARTUP,Y Combinator,https://www.ycombinator.com/companies/valence,Valence,,2026-08-28T06:27:01.887983+00:00
1.0,STARTUP,Y Combinator,https://www.ycombinator.com/companies/9-mothers-corporation,9 Mothers Corporation,,2026-08-28T06:27:01.887983+00:00
1.0,STARTUP,Y Combinator,https://www.ycombinator.com/companies/approxima,Approxima,,2026-08-28T06:27:01.887983+00:00
1.0,STARTUP,Y Combinator,https://www.ycombinator.com/companies/traverse,Traverse,,2026-08-28T06:27:01.887983+00:00
1.0,STARTUP,Y Combinator,https://www.ycombinator.com/companies/revion,Revion,,2026-08-28T06:27:01.887983+00:00
1.0,STARTUP,Y Combinator,https://www.ycombinator.com/companies/maywood,Maywood,,2026-08-28T06:27:01.887983+00:00
1.0,STARTUP,Y Combinator,https://www.ycombinator.com/companies/fenrock-ai,Fenrock Ai,,2026-08-28T06:27:01.887983+00:00
1.0,STARTUP,Y Combinator,https://www.ycombinator.com/companies/end-close,End Close,,2026-08-28T06:27:01.887983+00:00
1.0,STARTUP,Y Combinator,https://www.ycombinator.com/companies/chamber,Chamber,,2026-08-28T06:27:01.887983+00:00
1.0,STARTUP,Y Combinator,https://www.ycombinator.com/companies/assemble,Assemble,,2026-08-28T06:27:01.887983+00:00
1.0,STARTUP,Y Combinator,https://www.ycombinator.com/companies/patientdeskai,Patientdeskai,,2026-08-28T06:27:01.887983+00:00
1.0,STARTUP,Y Combinator,https://www.ycombinator.com/companies/visibl-semiconductors,Visibl Semiconductors,,2026-08-28T06:27:01.887983+00:00
1.0,STARTUP,Y Combinator,https://www.ycombinator.com/companies/synthetic-sciences,Synthetic Sciences,,2026-08-28T06:27:01.887983+00:00
1.0,STARTUP,Y Combinator,https://www.ycombinator.com/companies/seeing-systems,Seeing Systems,,2026-08-28T06:27:01.887983+00:00
1.0,STARTUP,Y Combinator,https://www.ycombinator.com/companies/jinba,Jinba,,2026-08-28T06:27:01.887983+00:00
1.0,STARTUP,Y Combinator,https://www.ycombinator.com/companies/cardboard,Cardboard,,2026-08-28T06:27:01.887983+00:00
1.0,STARTUP,Y Combinator,https://www.ycombinator.com/companies/prana-health,Prana Health,,2026-08-28T06:27:01.887983+00:00
1.0,STARTUP,Y Combinator,https://www.ycombinator.com/companies/rhizome-ai,Rhizome Ai,,2026-08-28T06:27:01.887983+00:00
1.0,STARTUP,Y Combinator,https://www.ycombinator.com/companies/pax-historia,Pax Historia,,2026-08-28T06:27:01.887983+00:00
1.0,STARTUP,Y Combinator,https://www.ycombinator.com/companies/parameter,Parameter,,2026-08-28T06:27:01.887983+00:00
1.0,STARTUP,Y Combinator,https://www.ycombinator.com/companies/laurence,Laurence,,2026-08-28T06:27:01.887983+00:00
1.0,STARTUP,Y Combinator,https://www.ycombinator.com/companies/terminal-use,Terminal Use,,2026-08-28T06:27:01.887983+00:00
1.0,STARTUP,Y Combinator,https://www.ycombinator.com/companies/overshoot,Overshoot,,2026-08-28T06:27:01.887983+00:00
1.0,STARTUP,Y Combinator,https://www.ycombinator.com/companies/cajal-technologies,Cajal Technologies,,2026-08-28T06:27:01.887983+00:00
1.0,STARTUP,Y Combinator,https://www.ycombinator.com/companies/proximitty,Proximitty,,2026-08-28T06:27:01.887983+00:00
1.0,STARTUP,Y Combinator,https://www.ycombinator.com/companies/instinct-xyz,Instinct Xyz,,2026-08-28T06:27:01.887983+00:00
1.0,STARTUP,Y Combinator,https://www.ycombinator.com/companies/stilta,Stilta,,2026-08-28T06:27:01.887983+00:00
1.0,STARTUP,Y Combinator,https://www.ycombinator.com/companies/unisson,Unisson,,2026-08-28T06:27:01.887983+00:00
1.0,STARTUP,Y Combinator,https://www.ycombinator.com/companies/brownie,Brownie,,2026-08-28T06:27:01.887983+00:00
1.0,STARTUP,Y Combinator,https://www.ycombinator.com/companies/compresr,Compresr,,2026-08-28T06:27:01.887983+00:00
1.0,STARTUP,Y Combinator,https://www.ycombinator.com/companies/opalite-health,Opalite Health,,2026-08-28T06:27:01.887983+00:00
1.0,STARTUP,Y Combinator,https://www.ycombinator.com/companies/confluence-labs,Confluence Labs,,2026-08-28T06:27:01.887983+00:00
1.0,STARTUP,Y Combinator,https://www.ycombinator.com/companies/rapidfolio,Rapidfolio,,2026-08-28T06:27:01.887983+00:00
1.0,STARTUP,Y Combinator,https://www.ycombinator.com/companies/mango-medical-inc,Mango Medical Inc,,2026-08-28T06:27:01.887983+00:00
1.0,STARTUP,Y Combinator,https://www.ycombinator.com/companies/sponge,Sponge,,2026-08-28T06:27:01.887983+00:00
1.0,STARTUP,Y Combinator,https://www.ycombinator.com/companies/terranox-ai,Terranox Ai,,2026-08-28T06:27:01.887983+00:00
1.0,STARTUP,Y Combinator,https://www.ycombinator.com/companies/drafted,Drafted,,2026-08-28T06:27:01.887983+00:00
1.0,STARTUP,Y Combinator,https://www.ycombinator.com/companies/ventura,Ventura,,2026-08-28T06:27:01.887983+00:00
1.0,STARTUP,Y Combinator,https://www.ycombinator.com/companies/orthogonal,Orthogonal,,2026-08-28T06:27:01.887983+00:00
1.0,STARTUP,Y Combinator,https://www.ycombinator.com/companies/perfectly,Perfectly,,2026-08-28T06:27:01.887983+00:00
1.0,STARTUP,Y Combinator,https://www.ycombinator.com/companies/fern-bot,Fern Bot,,2026-08-28T06:27:01.887983+00:00
1.0,STARTUP,Y Combinator,https://www.ycombinator.com/companies/sparkles,Sparkles,,2026-08-28T06:27:01.887983+00:00
1.0,STARTUP,Y Combinator,https://www.ycombinator.com/companies/eigenpal,Eigenpal,,2026-08-28T06:27:01.887983+00:00
1.0,STARTUP,Y Combinator,https://www.ycombinator.com/companies/salus,Salus,,2026-08-28T06:27:01.887983+00:00
1.0,STARTUP,Y Combinator,https://www.ycombinator.com/companies/moritz,Moritz,,2026-08-28T06:27:01.887983+00:00
1.0,STARTUP,Y Combinator,https://www.ycombinator.com/companies/ramain,Ramain,,2026-08-28T06:27:01.887983+00:00
1.0,STARTUP,Y Combinator,https://www.ycombinator.com/companies/milliray,Milliray,,2026-08-28T06:27:01.887983+00:00
1.0,STARTUP,Y Combinator,https://www.ycombinator.com/companies/beyond-reach-labs,Beyond Reach Labs,,2026-08-28T06:27:01.887983+00:00
1.0,STARTUP,Y Combinator,https://www.ycombinator.com/companies/octapulse,Octapulse,,2026-08-28T06:27:01.887983+00:00
1.0,STARTUP,Y Combinator,https://www.ycombinator.com/companies/codewisp,Codewisp,,2026-08-28T06:27:01.887983+00:00
1.0,STARTUP,Y Combinator,https://www.ycombinator.com/companies/ashr,Ashr,,2026-08-28T06:27:01.887983+00:00
1.0,STARTUP,Y Combinator,https://www.ycombinator.com/companies/aemon,Aemon,,2026-08-28T06:27:01.887983+00:00
1.0,STARTUP,Y Combinator,https://www.ycombinator.com/companies/luel,Luel,,2026-08-28T06:27:01.887983+00:00
1.0,STARTUP,Y Combinator,https://www.ycombinator.com/companies/scheduling-wizard,Scheduling Wizard,,2026-08-28T06:27:01.887983+00:00
1.0,STARTUP,Y Combinator,https://www.ycombinator.com/companies/robodock,Robodock,,2026-08-28T06:27:01.887983+00:00
1.0,STARTUP,Y Combinator,https://www.ycombinator.com/companies/skillsync,Skillsync,,2026-08-28T06:27:01.887983+00:00
1.0,STARTUP,Y Combinator,https://www.ycombinator.com/companies/mousecat,Mousecat,,2026-08-28T06:27:01.887983+00:00
1.0,STARTUP,Y Combinator,https://www.ycombinator.com/companies/zatanna,Zatanna,,2026-08-28T06:27:01.887983+00:00
1.0,STARTUP,Y Combinator,https://www.ycombinator.com/companies/autositu,Autositu,,2026-08-28T06:27:01.887983+00:00
1.0,STARTUP,Y Combinator,https://www.ycombinator.com/companies/verdex,Verdex,,2026-08-28T06:27:01.887983+00:00
1.0,STARTUP,Y Combinator,https://www.ycombinator.com/companies/cumulus-labs,Cumulus Labs,,2026-08-28T06:27:01.887983+00:00
1.0,STARTUP,Y Combinator,https://www.ycombinator.com/companies/tepali,Tepali,,2026-08-28T06:27:01.887983+00:00
1.0,STARTUP,Y Combinator,https://www.ycombinator.com/companies/palus-finance,Palus Finance,,2026-08-28T06:27:01.887983+00:00
1.0,STARTUP,Y Combinator,https://www.ycombinator.com/companies/21st,21St,,2026-08-28T06:27:01.887983+00:00
1.0,STARTUP,Y Combinator,https://www.ycombinator.com/companies/avoice,Avoice,,2026-08-28T06:27:01.887983+00:00
1.0,STARTUP,Y Combinator,https://www.ycombinator.com/companies/zerosettle,Zerosettle,,2026-08-28T06:27:01.887983+00:00
1.0,STARTUP,Y Combinator,https://www.ycombinator.com/companies/devfast,Devfast,,2026-08-28T06:27:01.887983+00:00
1.0,STARTUP,Y Combinator,https://www.ycombinator.com/companies/cignara,Cignara,,2026-08-28T06:27:01.887983+00:00
1.0,STARTUP,Y Combinator,https://www.ycombinator.com/companies/openspec,Openspec,,2026-08-28T06:27:01.887983+00:00
1.0,STARTUP,Y Combinator,https://www.ycombinator.com/companies/pirislabs,Pirislabs,,2026-08-28T06:27:01.887983+00:00
1.0,STARTUP,Y Combinator,https://www.ycombinator.com/companies/celltype,Celltype,,2026-08-28T06:27:01.887983+00:00
1.0,STARTUP,Y Combinator,https://www.ycombinator.com/companies/burt,Burt,,2026-08-28T06:27:01.887983+00:00
1.0,STARTUP,Y Combinator,https://www.ycombinator.com/companies/envariant,Envariant,,2026-08-28T06:27:01.887983+00:00
1.0,STARTUP,Y Combinator,https://www.ycombinator.com/companies/cascade,Cascade,,2026-08-28T06:27:01.887983+00:00
1.0,STARTUP,Y Combinator,https://www.ycombinator.com/companies/beacon-health,Beacon Health,,2026-08-28T06:27:01.887983+00:00
1.0,STARTUP,Y Combinator,https://www.ycombinator.com/companies/strand-ai,Strand Ai,,2026-08-28T06:27:01.887983+00:00
1.0,STARTUP,Y Combinator,https://www.ycombinator.com/companies/baseframe,Baseframe,,2026-08-28T06:27:01.887983+00:00
1.0,STARTUP,Y Combinator,https://www.ycombinator.com/companies/protent,Protent,,2026-08-28T06:27:01.887983+00:00
1.0,STARTUP,Y Combinator,https://www.ycombinator.com/companies/cofia,Cofia,,2026-08-28T06:27:01.887983+00:00
1.0,STARTUP,Y Combinator,https://www.ycombinator.com/companies/fuchsia,Fuchsia,,2026-08-28T06:27:01.887983+00:00
1.0,STARTUP,Y Combinator,https://www.ycombinator.com/companies/legalos,Legalos,,2026-08-28T06:27:01.887983+00:00
1.0,STARTUP,Y Combinator,https://www.ycombinator.com/companies/sentrial,Sentrial,,2026-08-28T06:27:01.887983+00:00
1.0,STARTUP,Y Combinator,https://www.ycombinator.com/companies/10x-science,10X Science,,2026-08-28T06:27:01.887983+00:00
1.0,STARTUP,Y Combinator,https://www.ycombinator.com/companies/rev1,Rev1,,2026-08-28T06:27:01.887983+00:00
1.0,STARTUP,Y Combinator,https://www.ycombinator.com/companies/shortkit,Shortkit,,2026-08-28T06:27:01.887983+00:00
1.0,STARTUP,Y Combinator,https://www.ycombinator.com/companies/asimov,Asimov,,2026-08-28T06:27:01.887983+00:00
1.0,STARTUP,Y Combinator,https://www.ycombinator.com/companies/lexius,Lexius,,2026-08-28T06:27:01.887983+00:00
1.0,STARTUP,Y Combinator,https://www.ycombinator.com/companies/axis-2,Axis 2,,2026-08-28T06:27:01.887983+00:00
1.0,STARTUP,Y Combinator,https://www.ycombinator.com/companies/mirabelle,Mirabelle,,2026-08-28T06:27:01.887983+00:00
1.0,STARTUP,Y Combinator,https://www.ycombinator.com/companies/docura-health,Docura Health,,2026-08-28T06:27:01.887983+00:00
1.0,STARTUP,Y Combinator,https://www.ycombinator.com/companies/lance,Lance,,2026-08-28T06:27:01.887983+00:00
1.0,STARTUP,Y Combinator,https://www.ycombinator.com/companies/runanywhere,Runanywhere,,2026-08-28T06:27:01.887983+00:00
1.0,STARTUP,Y Combinator,https://www.ycombinator.com/companies/lucent,Lucent,,2026-08-28T06:27:01.887983+00:00
1.0,STARTUP,Y Combinator,https://www.ycombinator.com/companies/prescience-inc,Prescience Inc,,2026-08-28T06:27:01.887983+00:00
1.0,STARTUP,Y Combinator,https://www.ycombinator.com/companies/ruma-care,Ruma Care,,2026-08-28T06:27:01.887983+00:00
1.0,STARTUP,Y Combinator,https://www.ycombinator.com/companies/klaus-ai,Klaus Ai,,2026-08-28T06:27:01.887983+00:00
1.0,STARTUP,Y Combinator,https://www.ycombinator.com/companies/kita,Kita,,2026-08-28T06:27:01.887983+00:00
1.0,STARTUP,Y Combinator,https://www.ycombinator.com/companies/syntropy,Syntropy,,2026-08-28T06:27:01.887983+00:00
1.0,STARTUP,Y Combinator,https://www.ycombinator.com/companies/one-robot,One Robot,,2026-08-28T06:27:01.887983+00:00
1.0,STARTUP,Y Combinator,https://www.ycombinator.com/companies/didit,Didit,,2026-08-28T06:27:01.887983+00:00
1.0,STARTUP,Y Combinator,https://www.ycombinator.com/companies/panta,Panta,,2026-08-28T06:27:01.887983+00:00
1.0,STARTUP,Y Combinator,https://www.ycombinator.com/companies/imperfect,Imperfect,,2026-08-28T06:27:01.887983+00:00
1.0,STARTUP,Y Combinator,https://www.ycombinator.com/companies/onetriangle,Onetriangle,,2026-08-28T06:27:01.887983+00:00
1.0,STARTUP,Y Combinator,https://www.ycombinator.com/companies/payna,Payna,,2026-08-28T06:27:01.887983+00:00
1.0,STARTUP,Y Combinator,https://www.ycombinator.com/companies/origin-bio,Origin Bio,,2026-08-28T06:27:01.887983+00:00
1.0,STARTUP,Y Combinator,https://www.ycombinator.com/companies/clara-2,Clara 2,,2026-08-28T06:27:01.887983+00:00
1.0,STARTUP,Y Combinator,https://www.ycombinator.com/companies/hlabs,Hlabs,,2026-08-28T06:27:01.887983+00:00
1.0,STARTUP,Y Combinator,https://www.ycombinator.com/companies/eos-ai,Eos Ai,,2026-08-28T06:27:01.887983+00:00
1.0,STARTUP,Y Combinator,https://www.ycombinator.com/companies/valgo,Valgo,,2026-08-28T06:27:01.887983+00:00
1.0,STARTUP,Y Combinator,https://www.ycombinator.com/companies/arc-prize-foundation,Arc Prize Foundation,,2026-08-28T06:27:01.887983+00:00
1.0,STARTUP,Y Combinator,https://www.ycombinator.com/companies/corvera,Corvera,,2026-08-28T06:27:01.887983+00:00
1.0,STARTUP,Y Combinator,https://www.ycombinator.com/companies/fullseam,Fullseam,,2026-08-28T06:27:01.887983+00:00
1.0,STARTUP,Y Combinator,https://www.ycombinator.com/companies/waddle-labs,Waddle Labs,,2026-08-28T06:27:01.887983+00:00
1.0,STARTUP,Y Combinator,https://www.ycombinator.com/companies/linzumi,Linzumi,,2026-08-28T06:27:01.887983+00:00
1.0,STARTUP,Y Combinator,https://www.ycombinator.com/companies/advanced-metal-research,Advanced Metal Research,,2026-08-28T06:27:01.887983+00:00
1.0,STARTUP,Y Combinator,https://www.ycombinator.com/companies/ploy,Ploy,,2026-08-28T06:27:01.887983+00:00
1.0,STARTUP,Y Combinator,https://www.ycombinator.com/companies/catchback-cards,Catchback Cards,,2026-08-28T06:27:01.887983+00:00
1.0,STARTUP,Y Combinator,https://www.ycombinator.com/companies/mantis,Mantis,,2026-08-28T06:27:01.887983+00:00
1.0,STARTUP,Y Combinator,https://www.ycombinator.com/companies/haladir,Haladir,,2026-08-28T06:27:01.887983+00:00
1.0,STARTUP,Y Combinator,https://www.ycombinator.com/companies/claimglide,Claimglide,,2026-08-28T06:27:01.887983+00:00
1.0,STARTUP,Y Combinator,https://www.ycombinator.com/companies/inviscid-ai,Inviscid Ai,,2026-08-28T06:27:01.887983+00:00
1.0,STARTUP,Y Combinator,https://www.ycombinator.com/companies/coasts,Coasts,,2026-08-28T06:27:01.887983+00:00
1.0,STARTUP,Y Combinator,https://www.ycombinator.com/companies/zephyr-fusion,Zephyr Fusion,,2026-08-28T06:27:01.887983+00:00
1.0,STARTUP,Y Combinator,https://www.ycombinator.com/companies/mayflower,Mayflower,,2026-08-28T06:27:01.887983+00:00
1.0,STARTUP,Y Combinator,https://www.ycombinator.com/companies/ndea-com,Ndea Com,,2026-08-28T06:27:01.887983+00:00
1.0,STARTUP,Y Combinator,https://www.ycombinator.com/companies/item,Item,,2026-08-28T06:27:01.887983+00:00
1.0,STARTUP,Y Combinator,https://www.ycombinator.com/companies/crosslayer-labs,Crosslayer Labs,,2026-08-28T06:27:01.887983+00:00
1.0,STARTUP,Y Combinator,https://www.ycombinator.com/companies/rivet-design,Rivet Design,,2026-08-28T06:27:01.887983+00:00
1.0,STARTUP,Y Combinator,https://www.ycombinator.com/companies/openroll,Openroll,,2026-08-28T06:27:01.887983+00:00
1.0,STARTUP,Y Combinator,https://www.ycombinator.com/companies/amika,Amika,,2026-08-28T06:27:01.887983+00:00
1.0,STARTUP,Y Combinator,https://www.ycombinator.com/companies/specific-labs,Specific Labs,,2026-08-28T06:27:01.887983+00:00
1.0,STARTUP,Y Combinator,https://www.ycombinator.com/companies/moss,Moss,,2026-08-28T06:27:01.887983+00:00
1.0,STARTUP,Y Combinator,https://www.ycombinator.com/companies/zarna,Zarna,,2026-08-28T06:27:01.887983+00:00
1.0,STARTUP,Y Combinator,https://www.ycombinator.com/companies/markit,Markit,,2026-08-28T06:27:01.887983+00:00
1.0,STARTUP,Y Combinator,https://www.ycombinator.com/companies/voltair,Voltair,,2026-08-28T06:27:01.887983+00:00
1.0,STARTUP,Y Combinator,https://www.ycombinator.com/companies/clicks-health,Clicks Health,,2026-08-28T06:27:01.887983+00:00
1.0,STARTUP,Y Combinator,https://www.ycombinator.com/companies/fastshot,Fastshot,,2026-08-28T06:27:01.887983+00:00
1.0,STARTUP,Y Combinator,https://www.ycombinator.com/companies/vector-legal,Vector Legal,,2026-08-28T06:27:01.887983+00:00
1.0,STARTUP,Y Combinator,https://www.ycombinator.com/companies/shoptiques,Shoptiques,,2026-08-28T06:27:01.887983+00:00
1.0,STARTUP,Y Combinator,https://www.ycombinator.com/companies/antigen,Antigen,,2026-08-28T06:27:01.887983+00:00
1.0,STARTUP,Y Combinator,https://www.ycombinator.com/companies/lunabill,Lunabill,,2026-08-28T06:27:01.887983+00:00
1.0,STARTUP,Y Combinator,https://www.ycombinator.com/companies/axial,Axial,,2026-08-28T06:27:01.887983+00:00
1.0,STARTUP,Y Combinator,https://www.ycombinator.com/companies/velvet,Velvet,,2026-08-28T06:27:01.887983+00:00
1.0,STARTUP,Y Combinator,https://www.ycombinator.com/companies/diligencesquared-inc,Diligencesquared Inc,,2026-08-28T06:27:01.887983+00:00
1.0,STARTUP,Y Combinator,https://www.ycombinator.com/companies/amera,Amera,,2026-08-28T06:27:01.887983+00:00
1.0,STARTUP,Y Combinator,https://www.ycombinator.com/companies/forge-robotics,Forge Robotics,,2026-08-28T06:27:01.887983+00:00
1.0,STARTUP,Y Combinator,https://www.ycombinator.com/companies/bluma,Bluma,,2026-08-28T06:27:01.887983+00:00
1.0,STARTUP,Y Combinator,https://www.ycombinator.com/companies/lightberry,Lightberry,,2026-08-28T06:27:01.887983+00:00
1.0,STARTUP,Y Combinator,https://www.ycombinator.com/companies/the-hog,The Hog,,2026-08-28T06:27:01.887983+00:00
1.0,STARTUP,Y Combinator,https://www.ycombinator.com/companies/layers,Layers,,2026-08-28T06:27:01.887983+00:00
1.0,STARTUP,Y Combinator,https://www.ycombinator.com/companies/boom-ai,Boom Ai,,2026-08-28T06:27:01.887983+00:00
1.0,STARTUP,Y Combinator,https://www.ycombinator.com/companies/freeport-markets,Freeport Markets,,2026-08-28T06:27:01.887983+00:00
1.0,STARTUP,Y Combinator,https://www.ycombinator.com/companies/miniswap,Miniswap,,2026-08-28T06:27:01.887983+00:00
1.0,STARTUP,Y Combinator,https://www.ycombinator.com/companies/rovi-health,Rovi Health,,2026-08-28T06:27:01.887983+00:00
1.0,STARTUP,Y Combinator,https://www.ycombinator.com/companies/madethis,Madethis,,2026-08-28T06:27:01.887983+00:00
1.0,STARTUP,Y Combinator,https://www.ycombinator.com/companies/generalastro,Generalastro,,2026-08-28T06:27:01.887983+00:00
1.0,STARTUP,Y Combinator,https://www.ycombinator.com/companies/jarmin,Jarmin,,2026-08-28T06:27:01.887983+00:00
1.0,STARTUP,Y Combinator,https://www.ycombinator.com/companies/exonic,Exonic,,2026-08-28T06:27:01.887983+00:00
1.0,STARTUP,Y Combinator,https://www.ycombinator.com/companies/uselemma,Uselemma,,2026-08-28T06:27:01.887983+00:00
1.0,STARTUP,Y Combinator,https://www.ycombinator.com/companies/perseus,Perseus,,2026-08-28T06:27:01.887983+00:00
1.0,STARTUP,Y Combinator,https://www.ycombinator.com/companies/karumi,Karumi,,2026-08-28T06:27:01.887983+00:00
1.0,STARTUP,Y Combinator,https://www.ycombinator.com/companies/icarus,Icarus,,2026-08-28T06:27:01.887983+00:00
1.0,STARTUP,Y Combinator,https://www.ycombinator.com/companies/savahq,Savahq,,2026-08-28T06:27:01.887983+00:00
1.0,STARTUP,Y Combinator,https://www.ycombinator.com/companies/takecareos,Takecareos,,2026-08-28T06:27:01.887983+00:00
1.0,STARTUP,Y Combinator,https://www.ycombinator.com/companies/denki,Denki,,2026-08-28T06:27:01.887983+00:00
1.0,STARTUP,Y Combinator,https://www.ycombinator.com/companies/metorial,Metorial,,2026-08-28T06:27:01.887983+00:00
1.0,STARTUP,Y Combinator,https://www.ycombinator.com/companies/kalpa-labs,Kalpa Labs,,2026-08-28T06:27:01.887983+00:00
1.0,STARTUP,Y Combinator,https://www.ycombinator.com/companies/absurd,Absurd,,2026-08-28T06:27:01.887983+00:00
1.0,STARTUP,Y Combinator,https://www.ycombinator.com/companies/clad-labs,Clad Labs,,2026-08-28T06:27:01.887983+00:00
1.0,STARTUP,Y Combinator,https://www.ycombinator.com/companies/automax-ai,Automax Ai,,2026-08-28T06:27:01.887983+00:00
1.0,STARTUP,Y Combinator,https://www.ycombinator.com/companies/specific,Specific,,2026-08-28T06:27:01.887983+00:00
1.0,STARTUP,Y Combinator,https://www.ycombinator.com/companies/relaw,Relaw,,2026-08-28T06:27:01.887983+00:00
1.0,STARTUP,Y Combinator,https://www.ycombinator.com/companies/usenarrative,Usenarrative,,2026-08-28T06:27:01.887983+00:00
1.0,STARTUP,Y Combinator,https://www.ycombinator.com/companies/crunched,Crunched,,2026-08-28T06:27:01.887983+00:00
1.0,STARTUP,Y Combinator,https://www.ycombinator.com/companies/lua-global-inc,Lua Global Inc,,2026-08-28T06:27:01.887983+00:00
1.0,STARTUP,Y Combinator,https://www.ycombinator.com/companies/philon,Philon,,2026-08-28T06:27:01.887983+00:00
1.0,STARTUP,Y Combinator,https://www.ycombinator.com/companies/sourcebot,Sourcebot,,2026-08-28T06:27:01.887983+00:00
1.0,STARTUP,Y Combinator,https://www.ycombinator.com/companies/zalos,Zalos,,2026-08-28T06:27:01.887983+00:00
1.0,STARTUP,Y Combinator,https://www.ycombinator.com/companies/tryprism,Tryprism,,2026-08-28T06:27:01.887983+00:00
1.0,STARTUP,Y Combinator,https://www.ycombinator.com/companies/aside,Aside,,2026-08-28T06:27:01.887983+00:00
1.0,STARTUP,Y Combinator,https://www.ycombinator.com/companies/scott-ai,Scott Ai,,2026-08-28T06:27:01.887983+00:00
1.0,STARTUP,Y Combinator,https://www.ycombinator.com/companies/everest,Everest,,2026-08-28T06:27:01.887983+00:00
1.0,STARTUP,Y Combinator,https://www.ycombinator.com/companies/expected-parrot,Expected Parrot,,2026-08-28T06:27:01.887983+00:00
1.0,STARTUP,Y Combinator,https://www.ycombinator.com/companies/imagine-ai,Imagine Ai,,2026-08-28T06:27:01.887983+00:00
1.0,STARTUP,Y Combinator,https://www.ycombinator.com/companies/anto-biosciences,Anto Biosciences,,2026-08-28T06:27:01.887983+00:00
1.0,STARTUP,Y Combinator,https://www.ycombinator.com/companies/patent-watch,Patent Watch,,2026-08-28T06:27:01.887983+00:00
1.0,STARTUP,Y Combinator,https://www.ycombinator.com/companies/s2-dev,S2 Dev,,2026-08-28T06:27:01.887983+00:00
1.0,STARTUP,Y Combinator,https://www.ycombinator.com/companies/tornyol,Tornyol,,2026-08-28T06:27:01.887983+00:00
1.0,STARTUP,Y Combinator,https://www.ycombinator.com/companies/nucleo,Nucleo,,2026-08-28T06:27:01.887983+00:00
1.0,STARTUP,Y Combinator,https://www.ycombinator.com/companies/leadbay,Leadbay,,2026-08-28T06:27:01.887983+00:00
1.0,STARTUP,Y Combinator,https://www.ycombinator.com/companies/pixley-ai,Pixley Ai,,2026-08-28T06:27:01.887983+00:00
1.0,STARTUP,Y Combinator,https://www.ycombinator.com/companies/cortex-ai,Cortex Ai,,2026-08-28T06:27:01.887983+00:00
1.0,STARTUP,Y Combinator,https://www.ycombinator.com/companies/radiusbrowser,Radiusbrowser,,2026-08-28T06:27:01.887983+00:00
1.0,STARTUP,Y Combinator,https://www.ycombinator.com/companies/thesis,Thesis,,2026-08-28T06:27:01.887983+00:00
1.0,STARTUP,Y Combinator,https://www.ycombinator.com/companies/oxus,Oxus,,2026-08-28T06:27:01.887983+00:00
1.0,STARTUP,Y Combinator,https://www.ycombinator.com/companies/play-health,Play Health,,2026-08-28T06:27:01.887983+00:00
1.0,STARTUP,Y Combinator,https://www.ycombinator.com/companies/casey,Casey,,2026-08-28T06:27:01.887983+00:00
1.0,STARTUP,Y Combinator,https://www.ycombinator.com/companies/selfin,Selfin,,2026-08-28T06:27:01.887983+00:00
1.0,STARTUP,Y Combinator,https://www.ycombinator.com/companies/compyle,Compyle,,2026-08-28T06:27:01.887983+00:00
1.0,STARTUP,Y Combinator,https://www.ycombinator.com/companies/lexi,Lexi,,2026-08-28T06:27:01.887983+00:00
1.0,STARTUP,Y Combinator,https://www.ycombinator.com/companies/codyco,Codyco,,2026-08-28T06:27:01.887983+00:00
1.0,STARTUP,Y Combinator,https://www.ycombinator.com/companies/complydo,Complydo,,2026-08-28T06:27:01.887983+00:00
1.0,STARTUP,Y Combinator,https://www.ycombinator.com/companies/bravi,Bravi,,2026-08-28T06:27:01.887983+00:00
1.0,STARTUP,Y Combinator,https://www.ycombinator.com/companies/finaldose,Finaldose,,2026-08-28T06:27:01.887983+00:00
1.0,STARTUP,Y Combinator,https://www.ycombinator.com/companies/sunflower,Sunflower,,2026-08-28T06:27:01.887983+00:00
1.0,STARTUP,Y Combinator,https://www.ycombinator.com/companies/captain,Captain,,2026-08-28T06:27:01.887983+00:00
1.0,STARTUP,Y Combinator,https://www.ycombinator.com/companies/redapto,Redapto,,2026-08-28T06:27:01.887983+00:00
1.0,STARTUP,Y Combinator,https://www.ycombinator.com/companies/helonic,Helonic,,2026-08-28T06:27:01.887983+00:00
1.0,STARTUP,Y Combinator,https://www.ycombinator.com/companies/aleph-lab,Aleph Lab,,2026-08-28T06:27:01.887983+00:00
